[?2026h[?25l[1Gpulling manifest ⠋ [K[?25h[?2026l[?2026h[?25l[1Gpulling manifest ⠙ [K[?25h[?2026l[?2026h[?25l[1Gpulling manifest ⠹ [K[?25h[?2026l[?2026h[?25l[1Gpulling manifest ⠸ [K[?25h[?2026l[?2026h[?25l[1Gpulling manifest ⠼ [K[?25h[?2026l[?2026h[?25l[1Gpulling manifest ⠴ [K[?25h[?2026l[?2026h[?25l[1Gpulling manifest ⠦ [K[?25h[?2026l[?2026h[?25l[1Gpulling manifest ⠧ [K[?25h[?2026l[?2026h[?25l[1Gpulling manifest ⠇ [K[?25h[?2026l[?2026h[?25l[1Gpulling manifest ⠏ [K[?25h[?2026l[?2026h[?25l[1Gpulling manifest ⠋ [K[?25h[?2026l[?2026h[?25l[1Gpulling manifest ⠙ [K[?25h[?2026l[?2026h[?25l[1Gpulling manifest ⠹ [K[?25h[?2026l[?2026h[?25l[1Gpulling manifest ⠸ [K[?25h[?2026l[?2026h[?25l[1Gpulling manifest ⠼ [K[?25h[?2026l[?2026h[?25l[1Gpulling manifest ⠴ [K[?25h[?2026l[?2026h[?25l[1Gpulling manifest ⠦ [K[?25h[?2026l[?2026h[?25l[1Gpulling manifest ⠧ [K[?25h[?2026l[?2026h[?25l[1Gpulling manifest ⠇ [K[?25h[?2026l[?2026h[?25l[1Gpulling manifest ⠏ [K[?25h[?2026l[?2026h[?25l[1Gpulling manifest ⠋ [K[?25h[?2026l[?2026h[?25l[1Gpulling manifest [K
pulling a8cc1361f314:   0% ▕                  ▏ 2.8 MB/9.3 GB                  [K[?25h[?2026l[?2026h[?25l[A[1Gpulling manifest [K
pulling a8cc1361f314:   0% ▕                  ▏ 9.0 MB/9.3 GB                  [K[?25h[?2026l[?2026h[?25l[A[1Gpulling manifest [K
pulling a8cc1361f314:   0% ▕                  ▏  23 MB/9.3 GB                  [K[?25h[?2026l[?2026h[?25l[A[1Gpulling manifest [K
pulling a8cc1361f314:   0% ▕                  ▏  37 MB/9.3 GB                  [K[?25h[?2026l[?2026h[?25l[A[1Gpulling manifest [K
pulling a8cc1361f314:   0% ▕                  ▏  44 MB/9.3 GB                  [K[?25h[?2026l[?2026h[?25l[A[1Gpulling manifest [K
pulling a8cc1361f314:   1% ▕                  ▏  58 MB/9.3 GB                  [K[?25h[?2026l[?2026h[?25l[A[1Gpulling manifest [K
pulling a8cc1361f314:   1% ▕                  ▏  72 MB/9.3 GB                  [K[?25h[?2026l[?2026h[?25l[A[1Gpulling manifest [K
pulling a8cc1361f314:   1% ▕                  ▏  78 MB/9.3 GB                  [K[?25h[?2026l[?2026h[?25l[A[1Gpulling manifest [K
pulling a8cc1361f314:   1% ▕                  ▏  92 MB/9.3 GB                  [K[?25h[?2026l[?2026h[?25l[A[1Gpulling manifest [K
pulling a8cc1361f314:   1% ▕                  ▏ 105 MB/9.3 GB                  [K[?25h[?2026l[?2026h[?25l[A[1Gpulling manifest [K
pulling a8cc1361f314:   1% ▕                  ▏ 112 MB/9.3 GB                  [K[?25h[?2026l[?2026h[?25l[A[1Gpulling manifest [K
pulling a8cc1361f314:   1% ▕                  ▏ 126 MB/9.3 GB  117 MB/s   1m18s[K[?25h[?2026l[?2026h[?25l[A[1Gpulling manifest [K
pulling a8cc1361f314:   2% ▕                  ▏ 140 MB/9.3 GB  117 MB/s   1m17s[K[?25h[?2026l[?2026h[?25l[A[1Gpulling manifest [K
pulling a8cc1361f314:   2% ▕                  ▏ 147 MB/9.3 GB  117 MB/s   1m17s[K[?25h[?2026l[?2026h[?25l[A[1Gpulling manifest [K
pulling a8cc1361f314:   2% ▕                  ▏ 161 MB/9.3 GB  117 MB/s   1m17s[K[?25h[?2026l[?2026h[?25l[A[1Gpulling manifest [K
pulling a8cc1361f314:   2% ▕                  ▏ 174 MB/9.3 GB  117 MB/s   1m17s[K[?25h[?2026l[?2026h[?25l[A[1Gpulling manifest [K
pulling a8cc1361f314:   2% ▕                  ▏ 182 MB/9.3 GB  117 MB/s   1m17s[K[?25h[?2026l[?2026h[?25l[A[1Gpulling manifest [K
pulling a8cc1361f314:   2% ▕                  ▏ 196 MB/9.3 GB  117 MB/s   1m17s[K[?25h[?2026l[?2026h[?25l[A[1Gpulling manifest [K
pulling a8cc1361f314:   2% ▕                  ▏ 209 MB/9.3 GB  117 MB/s   1m17s[K[?25h[?2026l[?2026h[?25l[A[1Gpulling manifest [K
pulling a8cc1361f314:   2% ▕                  ▏ 216 MB/9.3 GB  117 MB/s   1m17s[K[?25h[?2026l[?2026h[?25l[A[1Gpulling manifest [K
pulling a8cc1361f314:   2% ▕                  ▏ 230 MB/9.3 GB  117 MB/s   1m17s[K[?25h[?2026l[?2026h[?25l[A[1Gpulling manifest [K
pulling a8cc1361f314:   3% ▕                  ▏ 244 MB/9.3 GB  117 MB/s   1m16s[K[?25h[?2026l[?2026h[?25l[A[1Gpulling manifest [K
pulling a8cc1361f314:   3% ▕                  ▏ 251 MB/9.3 GB  117 MB/s   1m16s[K[?25h[?2026l[?2026h[?25l[A[1Gpulling manifest [K
pulling a8cc1361f314:   3% ▕                  ▏ 265 MB/9.3 GB  117 MB/s   1m16s[K[?25h[?2026l[?2026h[?25l[A[1Gpulling manifest [K
pulling a8cc1361f314:   3% ▕                  ▏ 279 MB/9.3 GB  117 MB/s   1m16s[K[?25h[?2026l[?2026h[?25l[A[1Gpulling manifest [K
pulling a8cc1361f314:   3% ▕                  ▏ 285 MB/9.3 GB  117 MB/s   1m16s[K[?25h[?2026l[?2026h[?25l[A[1Gpulling manifest [K
pulling a8cc1361f314:   3% ▕                  ▏ 299 MB/9.3 GB  117 MB/s   1m16s[K[?25h[?2026l[?2026h[?25l[A[1Gpulling manifest [K
pulling a8cc1361f314:   3% ▕                  ▏ 313 MB/9.3 GB  117 MB/s   1m16s[K[?25h[?2026l[?2026h[?25l[A[1Gpulling manifest [K
pulling a8cc1361f314:   3% ▕                  ▏ 319 MB/9.3 GB  117 MB/s   1m16s[K[?25h[?2026l[?2026h[?25l[A[1Gpulling manifest [K
pulling a8cc1361f314:   4% ▕                  ▏ 334 MB/9.3 GB  117 MB/s   1m16s[K[?25h[?2026l[?2026h[?25l[A[1Gpulling manifest [K
pulling a8cc1361f314:   4% ▕                  ▏ 348 MB/9.3 GB  117 MB/s   1m15s[K[?25h[?2026l[?2026h[?25l[A[1Gpulling manifest [K
pulling a8cc1361f314:   4% ▕                  ▏ 355 MB/9.3 GB  117 MB/s   1m15s[K[?25h[?2026l[?2026h[?25l[A[1Gpulling manifest [K
pulling a8cc1361f314:   4% ▕                  ▏ 368 MB/9.3 GB  117 MB/s   1m15s[K[?25h[?2026l[?2026h[?25l[A[1Gpulling manifest [K
pulling a8cc1361f314:   4% ▕                  ▏ 382 MB/9.3 GB  117 MB/s   1m15s[K[?25h[?2026l[?2026h[?25l[A[1Gpulling manifest [K
pulling a8cc1361f314:   4% ▕                  ▏ 389 MB/9.3 GB  117 MB/s   1m15s[K[?25h[?2026l[?2026h[?25l[A[1Gpulling manifest [K
pulling a8cc1361f314:   4% ▕                  ▏ 403 MB/9.3 GB  117 MB/s   1m15s[K[?25h[?2026l[?2026h[?25l[A[1Gpulling manifest [K
pulling a8cc1361f314:   4% ▕                  ▏ 417 MB/9.3 GB  117 MB/s   1m15s[K[?25h[?2026l[?2026h[?25l[A[1Gpulling manifest [K
pulling a8cc1361f314:   5% ▕                  ▏ 423 MB/9.3 GB  117 MB/s   1m15s[K[?25h[?2026l[?2026h[?25l[A[1Gpulling manifest [K
pulling a8cc1361f314:   5% ▕                  ▏ 437 MB/9.3 GB  117 MB/s   1m15s[K[?25h[?2026l[?2026h[?25l[A[1Gpulling manifest [K
pulling a8cc1361f314:   5% ▕                  ▏ 451 MB/9.3 GB  117 MB/s   1m15s[K[?25h[?2026l[?2026h[?25l[A[1Gpulling manifest [K
pulling a8cc1361f314:   5% ▕                  ▏ 458 MB/9.3 GB  117 MB/s   1m15s[K[?25h[?2026l[?2026h[?25l[A[1Gpulling manifest [K
pulling a8cc1361f314:   5% ▕                  ▏ 472 MB/9.3 GB  117 MB/s   1m15s[K[?25h[?2026l[?2026h[?25l[A[1Gpulling manifest [K
pulling a8cc1361f314:   5% ▕                  ▏ 486 MB/9.3 GB  117 MB/s   1m14s[K[?25h[?2026l[?2026h[?25l[A[1Gpulling manifest [K
pulling a8cc1361f314:   5% ▕                  ▏ 492 MB/9.3 GB  117 MB/s   1m14s[K[?25h[?2026l[?2026h[?25l[A[1Gpulling manifest [K
pulling a8cc1361f314:   5% ▕                  ▏ 506 MB/9.3 GB  117 MB/s   1m14s[K[?25h[?2026l[?2026h[?25l[A[1Gpulling manifest [K
pulling a8cc1361f314:   6% ▕█                 ▏ 520 MB/9.3 GB  117 MB/s   1m14s[K[?25h[?2026l[?2026h[?25l[A[1Gpulling manifest [K
pulling a8cc1361f314:   6% ▕█                 ▏ 528 MB/9.3 GB  117 MB/s   1m14s[K[?25h[?2026l[?2026h[?25l[A[1Gpulling manifest [K
pulling a8cc1361f314:   6% ▕█                 ▏ 540 MB/9.3 GB  117 MB/s   1m14s[K[?25h[?2026l[?2026h[?25l[A[1Gpulling manifest [K
pulling a8cc1361f314:   6% ▕█                 ▏ 555 MB/9.3 GB  117 MB/s   1m14s[K[?25h[?2026l[?2026h[?25l[A[1Gpulling manifest [K
pulling a8cc1361f314:   6% ▕█                 ▏ 562 MB/9.3 GB  117 MB/s   1m14s[K[?25h[?2026l[?2026h[?25l[A[1Gpulling manifest [K
pulling a8cc1361f314:   6% ▕█                 ▏ 576 MB/9.3 GB  117 MB/s   1m14s[K[?25h[?2026l[?2026h[?25l[A[1Gpulling manifest [K
pulling a8cc1361f314:   6% ▕█                 ▏ 589 MB/9.3 GB  117 MB/s   1m13s[K[?25h[?2026l[?2026h[?25l[A[1Gpulling manifest [K
pulling a8cc1361f314:   6% ▕█                 ▏ 596 MB/9.3 GB  117 MB/s   1m13s[K[?25h[?2026l[?2026h[?25l[A[1Gpulling manifest [K
pulling a8cc1361f314:   7% ▕█                 ▏ 610 MB/9.3 GB  117 MB/s   1m13s[K[?25h[?2026l[?2026h[?25l[A[1Gpulling manifest [K
pulling a8cc1361f314:   7% ▕█                 ▏ 624 MB/9.3 GB  117 MB/s   1m13s[K[?25h[?2026l[?2026h[?25l[A[1Gpulling manifest [K
pulling a8cc1361f314:   7% ▕█                 ▏ 631 MB/9.3 GB  117 MB/s   1m13s[K[?25h[?2026l[?2026h[?25l[A[1Gpulling manifest [K
pulling a8cc1361f314:   7% ▕█                 ▏ 645 MB/9.3 GB  117 MB/s   1m13s[K[?25h[?2026l[?2026h[?25l[A[1Gpulling manifest [K
pulling a8cc1361f314:   7% ▕█                 ▏ 659 MB/9.3 GB  117 MB/s   1m13s[K[?25h[?2026l[?2026h[?25l[A[1Gpulling manifest [K
pulling a8cc1361f314:   7% ▕█                 ▏ 666 MB/9.3 GB  117 MB/s   1m13s[K[?25h[?2026l[?2026h[?25l[A[1Gpulling manifest [K
pulling a8cc1361f314:   7% ▕█                 ▏ 680 MB/9.3 GB  117 MB/s   1m13s[K[?25h[?2026l[?2026h[?25l[A[1Gpulling manifest [K
pulling a8cc1361f314:   7% ▕█                 ▏ 693 MB/9.3 GB  117 MB/s   1m13s[K[?25h[?2026l[?2026h[?25l[A[1Gpulling manifest [K
pulling a8cc1361f314:   8% ▕█                 ▏ 701 MB/9.3 GB  117 MB/s   1m13s[K[?25h[?2026l[?2026h[?25l[A[1Gpulling manifest [K
pulling a8cc1361f314:   8% ▕█                 ▏ 714 MB/9.3 GB  117 MB/s   1m12s[K[?25h[?2026l[?2026h[?25l[A[1Gpulling manifest [K
pulling a8cc1361f314:   8% ▕█                 ▏ 728 MB/9.3 GB  117 MB/s   1m12s[K[?25h[?2026l[?2026h[?25l[A[1Gpulling manifest [K
pulling a8cc1361f314:   8% ▕█                 ▏ 735 MB/9.3 GB  117 MB/s   1m12s[K[?25h[?2026l[?2026h[?25l[A[1Gpulling manifest [K
pulling a8cc1361f314:   8% ▕█                 ▏ 748 MB/9.3 GB  117 MB/s   1m12s[K[?25h[?2026l[?2026h[?25l[A[1Gpulling manifest [K
pulling a8cc1361f314:   8% ▕█                 ▏ 762 MB/9.3 GB  117 MB/s   1m12s[K[?25h[?2026l[?2026h[?25l[A[1Gpulling manifest [K
pulling a8cc1361f314:   8% ▕█                 ▏ 768 MB/9.3 GB  117 MB/s   1m12s[K[?25h[?2026l[?2026h[?25l[A[1Gpulling manifest [K
pulling a8cc1361f314:   8% ▕█                 ▏ 782 MB/9.3 GB  117 MB/s   1m12s[K[?25h[?2026l[?2026h[?25l[A[1Gpulling manifest [K
pulling a8cc1361f314:   9% ▕█                 ▏ 796 MB/9.3 GB  117 MB/s   1m12s[K[?25h[?2026l[?2026h[?25l[A[1Gpulling manifest [K
pulling a8cc1361f314:   9% ▕█                 ▏ 803 MB/9.3 GB  117 MB/s   1m12s[K[?25h[?2026l[?2026h[?25l[A[1Gpulling manifest [K
pulling a8cc1361f314:   9% ▕█                 ▏ 817 MB/9.3 GB  117 MB/s   1m11s[K[?25h[?2026l[?2026h[?25l[A[1Gpulling manifest [K
pulling a8cc1361f314:   9% ▕█                 ▏ 831 MB/9.3 GB  117 MB/s   1m11s[K[?25h[?2026l[?2026h[?25l[A[1Gpulling manifest [K
pulling a8cc1361f314:   9% ▕█                 ▏ 838 MB/9.3 GB  117 MB/s   1m11s[K[?25h[?2026l[?2026h[?25l[A[1Gpulling manifest [K
pulling a8cc1361f314:   9% ▕█                 ▏ 852 MB/9.3 GB  117 MB/s   1m11s[K[?25h[?2026l[?2026h[?25l[A[1Gpulling manifest [K
pulling a8cc1361f314:   9% ▕█                 ▏ 866 MB/9.3 GB  117 MB/s   1m11s[K[?25h[?2026l[?2026h[?25l[A[1Gpulling manifest [K
pulling a8cc1361f314:   9% ▕█                 ▏ 873 MB/9.3 GB  117 MB/s   1m11s[K[?25h[?2026l[?2026h[?25l[A[1Gpulling manifest [K
pulling a8cc1361f314:  10% ▕█                 ▏ 887 MB/9.3 GB  117 MB/s   1m11s[K[?25h[?2026l[?2026h[?25l[A[1Gpulling manifest [K
pulling a8cc1361f314:  10% ▕█                 ▏ 900 MB/9.3 GB  117 MB/s   1m11s[K[?25h[?2026l[?2026h[?25l[A[1Gpulling manifest [K
pulling a8cc1361f314:  10% ▕█                 ▏ 907 MB/9.3 GB  117 MB/s   1m11s[K[?25h[?2026l[?2026h[?25l[A[1Gpulling manifest [K
pulling a8cc1361f314:  10% ▕█                 ▏ 921 MB/9.3 GB  117 MB/s   1m11s[K[?25h[?2026l[?2026h[?25l[A[1Gpulling manifest [K
pulling a8cc1361f314:  10% ▕█                 ▏ 935 MB/9.3 GB  117 MB/s   1m11s[K[?25h[?2026l[?2026h[?25l[A[1Gpulling manifest [K
pulling a8cc1361f314:  10% ▕█                 ▏ 943 MB/9.3 GB  117 MB/s   1m10s[K[?25h[?2026l[?2026h[?25l[A[1Gpulling manifest [K
pulling a8cc1361f314:  10% ▕█                 ▏ 956 MB/9.3 GB  117 MB/s   1m10s[K[?25h[?2026l[?2026h[?25l[A[1Gpulling manifest [K
pulling a8cc1361f314:  10% ▕█                 ▏ 970 MB/9.3 GB  117 MB/s   1m10s[K[?25h[?2026l[?2026h[?25l[A[1Gpulling manifest [K
pulling a8cc1361f314:  11% ▕█                 ▏ 977 MB/9.3 GB  117 MB/s   1m10s[K[?25h[?2026l[?2026h[?25l[A[1Gpulling manifest [K
pulling a8cc1361f314:  11% ▕█                 ▏ 991 MB/9.3 GB  117 MB/s   1m10s[K[?25h[?2026l[?2026h[?25l[A[1Gpulling manifest [K
pulling a8cc1361f314:  11% ▕█                 ▏ 1.0 GB/9.3 GB  117 MB/s   1m10s[K[?25h[?2026l[?2026h[?25l[A[1Gpulling manifest [K
pulling a8cc1361f314:  11% ▕█                 ▏ 1.0 GB/9.3 GB  117 MB/s   1m10s[K[?25h[?2026l[?2026h[?25l[A[1Gpulling manifest [K
pulling a8cc1361f314:  11% ▕█                 ▏ 1.0 GB/9.3 GB  117 MB/s   1m10s[K[?25h[?2026l[?2026h[?25l[A[1Gpulling manifest [K
pulling a8cc1361f314:  11% ▕██                ▏ 1.0 GB/9.3 GB  117 MB/s   1m10s[K[?25h[?2026l[?2026h[?25l[A[1Gpulling manifest [K
pulling a8cc1361f314:  11% ▕██                ▏ 1.0 GB/9.3 GB  117 MB/s   1m10s[K[?25h[?2026l[?2026h[?25l[A[1Gpulling manifest [K
pulling a8cc1361f314:  11% ▕██                ▏ 1.1 GB/9.3 GB  117 MB/s    1m9s[K[?25h[?2026l[?2026h[?25l[A[1Gpulling manifest [K
pulling a8cc1361f314:  12% ▕██                ▏ 1.1 GB/9.3 GB  117 MB/s    1m9s[K[?25h[?2026l[?2026h[?25l[A[1Gpulling manifest [K
pulling a8cc1361f314:  12% ▕██                ▏ 1.1 GB/9.3 GB  117 MB/s    1m9s[K[?25h[?2026l[?2026h[?25l[A[1Gpulling manifest [K
pulling a8cc1361f314:  12% ▕██                ▏ 1.1 GB/9.3 GB  117 MB/s    1m9s[K[?25h[?2026l[?2026h[?25l[A[1Gpulling manifest [K
pulling a8cc1361f314:  12% ▕██                ▏ 1.1 GB/9.3 GB  117 MB/s    1m9s[K[?25h[?2026l[?2026h[?25l[A[1Gpulling manifest [K
pulling a8cc1361f314:  12% ▕██                ▏ 1.1 GB/9.3 GB  117 MB/s    1m9s[K[?25h[?2026l[?2026h[?25l[A[1Gpulling manifest [K
pulling a8cc1361f314:  12% ▕██                ▏ 1.1 GB/9.3 GB  117 MB/s    1m9s[K[?25h[?2026l[?2026h[?25l[A[1Gpulling manifest [K
pulling a8cc1361f314:  12% ▕██                ▏ 1.1 GB/9.3 GB  117 MB/s    1m9s[K[?25h[?2026l[?2026h[?25l[A[1Gpulling manifest [K
pulling a8cc1361f314:  12% ▕██                ▏ 1.1 GB/9.3 GB  117 MB/s    1m9s[K[?25h[?2026l[?2026h[?25l[A[1Gpulling manifest [K
pulling a8cc1361f314:  13% ▕██                ▏ 1.2 GB/9.3 GB  117 MB/s    1m8s[K[?25h[?2026l[?2026h[?25l[A[1Gpulling manifest [K
pulling a8cc1361f314:  13% ▕██                ▏ 1.2 GB/9.3 GB  117 MB/s    1m9s[K[?25h[?2026l[?2026h[?25l[A[1Gpulling manifest [K
pulling a8cc1361f314:  13% ▕██                ▏ 1.2 GB/9.3 GB  117 MB/s    1m9s[K[?25h[?2026l[?2026h[?25l[A[1Gpulling manifest [K
pulling a8cc1361f314:  13% ▕██                ▏ 1.2 GB/9.3 GB  117 MB/s    1m8s[K[?25h[?2026l[?2026h[?25l[A[1Gpulling manifest [K
pulling a8cc1361f314:  13% ▕██                ▏ 1.2 GB/9.3 GB  117 MB/s    1m8s[K[?25h[?2026l[?2026h[?25l[A[1Gpulling manifest [K
pulling a8cc1361f314:  13% ▕██                ▏ 1.2 GB/9.3 GB  117 MB/s    1m8s[K[?25h[?2026l[?2026h[?25l[A[1Gpulling manifest [K
pulling a8cc1361f314:  13% ▕██                ▏ 1.2 GB/9.3 GB  117 MB/s    1m8s[K[?25h[?2026l[?2026h[?25l[A[1Gpulling manifest [K
pulling a8cc1361f314:  13% ▕██                ▏ 1.2 GB/9.3 GB  117 MB/s    1m8s[K[?25h[?2026l[?2026h[?25l[A[1Gpulling manifest [K
pulling a8cc1361f314:  13% ▕██                ▏ 1.2 GB/9.3 GB  117 MB/s    1m8s[K[?25h[?2026l[?2026h[?25l[A[1Gpulling manifest [K
pulling a8cc1361f314:  14% ▕██                ▏ 1.3 GB/9.3 GB  117 MB/s    1m8s[K[?25h[?2026l[?2026h[?25l[A[1Gpulling manifest [K
pulling a8cc1361f314:  14% ▕██                ▏ 1.3 GB/9.3 GB  117 MB/s    1m8s[K[?25h[?2026l[?2026h[?25l[A[1Gpulling manifest [K
pulling a8cc1361f314:  14% ▕██                ▏ 1.3 GB/9.3 GB  117 MB/s    1m8s[K[?25h[?2026l[?2026h[?25l[A[1Gpulling manifest [K
pulling a8cc1361f314:  14% ▕██                ▏ 1.3 GB/9.3 GB  116 MB/s    1m8s[K[?25h[?2026l[?2026h[?25l[A[1Gpulling manifest [K
pulling a8cc1361f314:  14% ▕██                ▏ 1.3 GB/9.3 GB  116 MB/s    1m8s[K[?25h[?2026l[?2026h[?25l[A[1Gpulling manifest [K
pulling a8cc1361f314:  14% ▕██                ▏ 1.3 GB/9.3 GB  116 MB/s    1m8s[K[?25h[?2026l[?2026h[?25l[A[1Gpulling manifest [K
pulling a8cc1361f314:  14% ▕██                ▏ 1.3 GB/9.3 GB  116 MB/s    1m7s[K[?25h[?2026l[?2026h[?25l[A[1Gpulling manifest [K
pulling a8cc1361f314:  15% ▕██                ▏ 1.3 GB/9.3 GB  116 MB/s    1m7s[K[?25h[?2026l[?2026h[?25l[A[1Gpulling manifest [K
pulling a8cc1361f314:  15% ▕██                ▏ 1.4 GB/9.3 GB  116 MB/s    1m7s[K[?25h[?2026l[?2026h[?25l[A[1Gpulling manifest [K
pulling a8cc1361f314:  15% ▕██                ▏ 1.4 GB/9.3 GB  116 MB/s    1m7s[K[?25h[?2026l[?2026h[?25l[A[1Gpulling manifest [K
pulling a8cc1361f314:  15% ▕██                ▏ 1.4 GB/9.3 GB  116 MB/s    1m7s[K[?25h[?2026l[?2026h[?25l[A[1Gpulling manifest [K
pulling a8cc1361f314:  15% ▕██                ▏ 1.4 GB/9.3 GB  116 MB/s    1m7s[K[?25h[?2026l[?2026h[?25l[A[1Gpulling manifest [K
pulling a8cc1361f314:  15% ▕██                ▏ 1.4 GB/9.3 GB  116 MB/s    1m7s[K[?25h[?2026l[?2026h[?25l[A[1Gpulling manifest [K
pulling a8cc1361f314:  15% ▕██                ▏ 1.4 GB/9.3 GB  117 MB/s    1m7s[K[?25h[?2026l[?2026h[?25l[A[1Gpulling manifest [K
pulling a8cc1361f314:  15% ▕██                ▏ 1.4 GB/9.3 GB  117 MB/s    1m7s[K[?25h[?2026l[?2026h[?25l[A[1Gpulling manifest [K
pulling a8cc1361f314:  15% ▕██                ▏ 1.4 GB/9.3 GB  117 MB/s    1m6s[K[?25h[?2026l[?2026h[?25l[A[1Gpulling manifest [K
pulling a8cc1361f314:  16% ▕██                ▏ 1.4 GB/9.3 GB  117 MB/s    1m6s[K[?25h[?2026l[?2026h[?25l[A[1Gpulling manifest [K
pulling a8cc1361f314:  16% ▕██                ▏ 1.5 GB/9.3 GB  117 MB/s    1m6s[K[?25h[?2026l[?2026h[?25l[A[1Gpulling manifest [K
pulling a8cc1361f314:  16% ▕██                ▏ 1.5 GB/9.3 GB  117 MB/s    1m6s[K[?25h[?2026l[?2026h[?25l[A[1Gpulling manifest [K
pulling a8cc1361f314:  16% ▕██                ▏ 1.5 GB/9.3 GB  117 MB/s    1m6s[K[?25h[?2026l[?2026h[?25l[A[1Gpulling manifest [K
pulling a8cc1361f314:  16% ▕██                ▏ 1.5 GB/9.3 GB  117 MB/s    1m6s[K[?25h[?2026l[?2026h[?25l[A[1Gpulling manifest [K
pulling a8cc1361f314:  16% ▕██                ▏ 1.5 GB/9.3 GB  117 MB/s    1m6s[K[?25h[?2026l[?2026h[?25l[A[1Gpulling manifest [K
pulling a8cc1361f314:  16% ▕██                ▏ 1.5 GB/9.3 GB  117 MB/s    1m6s[K[?25h[?2026l[?2026h[?25l[A[1Gpulling manifest [K
pulling a8cc1361f314:  16% ▕██                ▏ 1.5 GB/9.3 GB  116 MB/s    1m6s[K[?25h[?2026l[?2026h[?25l[A[1Gpulling manifest [K
pulling a8cc1361f314:  17% ▕██                ▏ 1.5 GB/9.3 GB  116 MB/s    1m6s[K[?25h[?2026l[?2026h[?25l[A[1Gpulling manifest [K
pulling a8cc1361f314:  17% ▕███               ▏ 1.6 GB/9.3 GB  116 MB/s    1m6s[K[?25h[?2026l[?2026h[?25l[A[1Gpulling manifest [K
pulling a8cc1361f314:  17% ▕███               ▏ 1.6 GB/9.3 GB  116 MB/s    1m5s[K[?25h[?2026l[?2026h[?25l[A[1Gpulling manifest [K
pulling a8cc1361f314:  17% ▕███               ▏ 1.6 GB/9.3 GB  116 MB/s    1m5s[K[?25h[?2026l[?2026h[?25l[A[1Gpulling manifest [K
pulling a8cc1361f314:  17% ▕███               ▏ 1.6 GB/9.3 GB  116 MB/s    1m5s[K[?25h[?2026l[?2026h[?25l[A[1Gpulling manifest [K
pulling a8cc1361f314:  17% ▕███               ▏ 1.6 GB/9.3 GB  116 MB/s    1m5s[K[?25h[?2026l[?2026h[?25l[A[1Gpulling manifest [K
pulling a8cc1361f314:  17% ▕███               ▏ 1.6 GB/9.3 GB  116 MB/s    1m5s[K[?25h[?2026l[?2026h[?25l[A[1Gpulling manifest [K
pulling a8cc1361f314:  17% ▕███               ▏ 1.6 GB/9.3 GB  116 MB/s    1m5s[K[?25h[?2026l[?2026h[?25l[A[1Gpulling manifest [K
pulling a8cc1361f314:  18% ▕███               ▏ 1.6 GB/9.3 GB  116 MB/s    1m5s[K[?25h[?2026l[?2026h[?25l[A[1Gpulling manifest [K
pulling a8cc1361f314:  18% ▕███               ▏ 1.6 GB/9.3 GB  116 MB/s    1m5s[K[?25h[?2026l[?2026h[?25l[A[1Gpulling manifest [K
pulling a8cc1361f314:  18% ▕███               ▏ 1.7 GB/9.3 GB  116 MB/s    1m5s[K[?25h[?2026l[?2026h[?25l[A[1Gpulling manifest [K
pulling a8cc1361f314:  18% ▕███               ▏ 1.7 GB/9.3 GB  116 MB/s    1m5s[K[?25h[?2026l[?2026h[?25l[A[1Gpulling manifest [K
pulling a8cc1361f314:  18% ▕███               ▏ 1.7 GB/9.3 GB  116 MB/s    1m4s[K[?25h[?2026l[?2026h[?25l[A[1Gpulling manifest [K
pulling a8cc1361f314:  18% ▕███               ▏ 1.7 GB/9.3 GB  116 MB/s    1m4s[K[?25h[?2026l[?2026h[?25l[A[1Gpulling manifest [K
pulling a8cc1361f314:  18% ▕███               ▏ 1.7 GB/9.3 GB  116 MB/s    1m4s[K[?25h[?2026l[?2026h[?25l[A[1Gpulling manifest [K
pulling a8cc1361f314:  18% ▕███               ▏ 1.7 GB/9.3 GB  116 MB/s    1m4s[K[?25h[?2026l[?2026h[?25l[A[1Gpulling manifest [K
pulling a8cc1361f314:  19% ▕███               ▏ 1.7 GB/9.3 GB  116 MB/s    1m4s[K[?25h[?2026l[?2026h[?25l[A[1Gpulling manifest [K
pulling a8cc1361f314:  19% ▕███               ▏ 1.7 GB/9.3 GB  116 MB/s    1m4s[K[?25h[?2026l[?2026h[?25l[A[1Gpulling manifest [K
pulling a8cc1361f314:  19% ▕███               ▏ 1.7 GB/9.3 GB  116 MB/s    1m4s[K[?25h[?2026l[?2026h[?25l[A[1Gpulling manifest [K
pulling a8cc1361f314:  19% ▕███               ▏ 1.8 GB/9.3 GB  116 MB/s    1m4s[K[?25h[?2026l[?2026h[?25l[A[1Gpulling manifest [K
pulling a8cc1361f314:  19% ▕███               ▏ 1.8 GB/9.3 GB  116 MB/s    1m4s[K[?25h[?2026l[?2026h[?25l[A[1Gpulling manifest [K
pulling a8cc1361f314:  19% ▕███               ▏ 1.8 GB/9.3 GB  116 MB/s    1m4s[K[?25h[?2026l[?2026h[?25l[A[1Gpulling manifest [K
pulling a8cc1361f314:  19% ▕███               ▏ 1.8 GB/9.3 GB  116 MB/s    1m4s[K[?25h[?2026l[?2026h[?25l[A[1Gpulling manifest [K
pulling a8cc1361f314:  19% ▕███               ▏ 1.8 GB/9.3 GB  116 MB/s    1m4s[K[?25h[?2026l[?2026h[?25l[A[1Gpulling manifest [K
pulling a8cc1361f314:  20% ▕███               ▏ 1.8 GB/9.3 GB  116 MB/s    1m3s[K[?25h[?2026l[?2026h[?25l[A[1Gpulling manifest [K
pulling a8cc1361f314:  20% ▕███               ▏ 1.8 GB/9.3 GB  116 MB/s    1m3s[K[?25h[?2026l[?2026h[?25l[A[1Gpulling manifest [K
pulling a8cc1361f314:  20% ▕███               ▏ 1.8 GB/9.3 GB  116 MB/s    1m3s[K[?25h[?2026l[?2026h[?25l[A[1Gpulling manifest [K
pulling a8cc1361f314:  20% ▕███               ▏ 1.8 GB/9.3 GB  116 MB/s    1m3s[K[?25h[?2026l[?2026h[?25l[A[1Gpulling manifest [K
pulling a8cc1361f314:  20% ▕███               ▏ 1.9 GB/9.3 GB  116 MB/s    1m3s[K[?25h[?2026l[?2026h[?25l[A[1Gpulling manifest [K
pulling a8cc1361f314:  20% ▕███               ▏ 1.9 GB/9.3 GB  116 MB/s    1m3s[K[?25h[?2026l[?2026h[?25l[A[1Gpulling manifest [K
pulling a8cc1361f314:  20% ▕███               ▏ 1.9 GB/9.3 GB  116 MB/s    1m3s[K[?25h[?2026l[?2026h[?25l[A[1Gpulling manifest [K
pulling a8cc1361f314:  20% ▕███               ▏ 1.9 GB/9.3 GB  116 MB/s    1m3s[K[?25h[?2026l[?2026h[?25l[A[1Gpulling manifest [K
pulling a8cc1361f314:  21% ▕███               ▏ 1.9 GB/9.3 GB  116 MB/s    1m3s[K[?25h[?2026l[?2026h[?25l[A[1Gpulling manifest [K
pulling a8cc1361f314:  21% ▕███               ▏ 1.9 GB/9.3 GB  116 MB/s    1m2s[K[?25h[?2026l[?2026h[?25l[A[1Gpulling manifest [K
pulling a8cc1361f314:  21% ▕███               ▏ 1.9 GB/9.3 GB  116 MB/s    1m2s[K[?25h[?2026l[?2026h[?25l[A[1Gpulling manifest [K
pulling a8cc1361f314:  21% ▕███               ▏ 1.9 GB/9.3 GB  116 MB/s    1m2s[K[?25h[?2026l[?2026h[?25l[A[1Gpulling manifest [K
pulling a8cc1361f314:  21% ▕███               ▏ 2.0 GB/9.3 GB  116 MB/s    1m2s[K[?25h[?2026l[?2026h[?25l[A[1Gpulling manifest [K
pulling a8cc1361f314:  21% ▕███               ▏ 2.0 GB/9.3 GB  116 MB/s    1m2s[K[?25h[?2026l[?2026h[?25l[A[1Gpulling manifest [K
pulling a8cc1361f314:  21% ▕███               ▏ 2.0 GB/9.3 GB  116 MB/s    1m2s[K[?25h[?2026l[?2026h[?25l[A[1Gpulling manifest [K
pulling a8cc1361f314:  21% ▕███               ▏ 2.0 GB/9.3 GB  116 MB/s    1m2s[K[?25h[?2026l[?2026h[?25l[A[1Gpulling manifest [K
pulling a8cc1361f314:  22% ▕███               ▏ 2.0 GB/9.3 GB  116 MB/s    1m2s[K[?25h[?2026l[?2026h[?25l[A[1Gpulling manifest [K
pulling a8cc1361f314:  22% ▕███               ▏ 2.0 GB/9.3 GB  116 MB/s    1m2s[K[?25h[?2026l[?2026h[?25l[A[1Gpulling manifest [K
pulling a8cc1361f314:  22% ▕███               ▏ 2.0 GB/9.3 GB  116 MB/s    1m2s[K[?25h[?2026l[?2026h[?25l[A[1Gpulling manifest [K
pulling a8cc1361f314:  22% ▕███               ▏ 2.0 GB/9.3 GB  116 MB/s    1m2s[K[?25h[?2026l[?2026h[?25l[A[1Gpulling manifest [K
pulling a8cc1361f314:  22% ▕███               ▏ 2.0 GB/9.3 GB  116 MB/s    1m1s[K[?25h[?2026l[?2026h[?25l[A[1Gpulling manifest [K
pulling a8cc1361f314:  22% ▕███               ▏ 2.1 GB/9.3 GB  116 MB/s    1m1s[K[?25h[?2026l[?2026h[?25l[A[1Gpulling manifest [K
pulling a8cc1361f314:  22% ▕████              ▏ 2.1 GB/9.3 GB  116 MB/s    1m1s[K[?25h[?2026l[?2026h[?25l[A[1Gpulling manifest [K
pulling a8cc1361f314:  22% ▕████              ▏ 2.1 GB/9.3 GB  116 MB/s    1m1s[K[?25h[?2026l[?2026h[?25l[A[1Gpulling manifest [K
pulling a8cc1361f314:  23% ▕████              ▏ 2.1 GB/9.3 GB  116 MB/s    1m1s[K[?25h[?2026l[?2026h[?25l[A[1Gpulling manifest [K
pulling a8cc1361f314:  23% ▕████              ▏ 2.1 GB/9.3 GB  116 MB/s    1m1s[K[?25h[?2026l[?2026h[?25l[A[1Gpulling manifest [K
pulling a8cc1361f314:  23% ▕████              ▏ 2.1 GB/9.3 GB  116 MB/s    1m1s[K[?25h[?2026l[?2026h[?25l[A[1Gpulling manifest [K
pulling a8cc1361f314:  23% ▕████              ▏ 2.1 GB/9.3 GB  116 MB/s    1m1s[K[?25h[?2026l[?2026h[?25l[A[1Gpulling manifest [K
pulling a8cc1361f314:  23% ▕████              ▏ 2.1 GB/9.3 GB  116 MB/s    1m1s[K[?25h[?2026l[?2026h[?25l[A[1Gpulling manifest [K
pulling a8cc1361f314:  23% ▕████              ▏ 2.1 GB/9.3 GB  116 MB/s    1m1s[K[?25h[?2026l[?2026h[?25l[A[1Gpulling manifest [K
pulling a8cc1361f314:  23% ▕████              ▏ 2.2 GB/9.3 GB  116 MB/s    1m1s[K[?25h[?2026l[?2026h[?25l[A[1Gpulling manifest [K
pulling a8cc1361f314:  23% ▕████              ▏ 2.2 GB/9.3 GB  116 MB/s    1m0s[K[?25h[?2026l[?2026h[?25l[A[1Gpulling manifest [K
pulling a8cc1361f314:  23% ▕████              ▏ 2.2 GB/9.3 GB  116 MB/s    1m0s[K[?25h[?2026l[?2026h[?25l[A[1Gpulling manifest [K
pulling a8cc1361f314:  24% ▕████              ▏ 2.2 GB/9.3 GB  116 MB/s    1m0s[K[?25h[?2026l[?2026h[?25l[A[1Gpulling manifest [K
pulling a8cc1361f314:  24% ▕████              ▏ 2.2 GB/9.3 GB  116 MB/s    1m0s[K[?25h[?2026l[?2026h[?25l[A[1Gpulling manifest [K
pulling a8cc1361f314:  24% ▕████              ▏ 2.2 GB/9.3 GB  116 MB/s    1m0s[K[?25h[?2026l[?2026h[?25l[A[1Gpulling manifest [K
pulling a8cc1361f314:  24% ▕████              ▏ 2.2 GB/9.3 GB  117 MB/s    1m0s[K[?25h[?2026l[?2026h[?25l[A[1Gpulling manifest [K
pulling a8cc1361f314:  24% ▕████              ▏ 2.2 GB/9.3 GB  117 MB/s    1m0s[K[?25h[?2026l[?2026h[?25l[A[1Gpulling manifest [K
pulling a8cc1361f314:  24% ▕████              ▏ 2.2 GB/9.3 GB  117 MB/s    1m0s[K[?25h[?2026l[?2026h[?25l[A[1Gpulling manifest [K
pulling a8cc1361f314:  24% ▕████              ▏ 2.3 GB/9.3 GB  117 MB/s     59s[K[?25h[?2026l[?2026h[?25l[A[1Gpulling manifest [K
pulling a8cc1361f314:  25% ▕████              ▏ 2.3 GB/9.3 GB  117 MB/s     59s[K[?25h[?2026l[?2026h[?25l[A[1Gpulling manifest [K
pulling a8cc1361f314:  25% ▕████              ▏ 2.3 GB/9.3 GB  117 MB/s     59s[K[?25h[?2026l[?2026h[?25l[A[1Gpulling manifest [K
pulling a8cc1361f314:  25% ▕████              ▏ 2.3 GB/9.3 GB  117 MB/s     59s[K[?25h[?2026l[?2026h[?25l[A[1Gpulling manifest [K
pulling a8cc1361f314:  25% ▕████              ▏ 2.3 GB/9.3 GB  117 MB/s     59s[K[?25h[?2026l[?2026h[?25l[A[1Gpulling manifest [K
pulling a8cc1361f314:  25% ▕████              ▏ 2.3 GB/9.3 GB  117 MB/s     59s[K[?25h[?2026l[?2026h[?25l[A[1Gpulling manifest [K
pulling a8cc1361f314:  25% ▕████              ▏ 2.3 GB/9.3 GB  117 MB/s     59s[K[?25h[?2026l[?2026h[?25l[A[1Gpulling manifest [K
pulling a8cc1361f314:  25% ▕████              ▏ 2.3 GB/9.3 GB  115 MB/s    1m0s[K[?25h[?2026l[?2026h[?25l[A[1Gpulling manifest [K
pulling a8cc1361f314:  25% ▕████              ▏ 2.3 GB/9.3 GB  115 MB/s    1m0s[K[?25h[?2026l[?2026h[?25l[A[1Gpulling manifest [K
pulling a8cc1361f314:  25% ▕████              ▏ 2.4 GB/9.3 GB  115 MB/s     59s[K[?25h[?2026l[?2026h[?25l[A[1Gpulling manifest [K
pulling a8cc1361f314:  25% ▕████              ▏ 2.4 GB/9.3 GB  115 MB/s     59s[K[?25h[?2026l[?2026h[?25l[A[1Gpulling manifest [K
pulling a8cc1361f314:  26% ▕████              ▏ 2.4 GB/9.3 GB  115 MB/s     59s[K[?25h[?2026l[?2026h[?25l[A[1Gpulling manifest [K
pulling a8cc1361f314:  26% ▕████              ▏ 2.4 GB/9.3 GB  115 MB/s     59s[K[?25h[?2026l[?2026h[?25l[A[1Gpulling manifest [K
pulling a8cc1361f314:  26% ▕████              ▏ 2.4 GB/9.3 GB  115 MB/s     59s[K[?25h[?2026l[?2026h[?25l[A[1Gpulling manifest [K
pulling a8cc1361f314:  26% ▕████              ▏ 2.4 GB/9.3 GB  115 MB/s     59s[K[?25h[?2026l[?2026h[?25l[A[1Gpulling manifest [K
pulling a8cc1361f314:  26% ▕████              ▏ 2.4 GB/9.3 GB  115 MB/s     59s[K[?25h[?2026l[?2026h[?25l[A[1Gpulling manifest [K
pulling a8cc1361f314:  26% ▕████              ▏ 2.4 GB/9.3 GB  115 MB/s     59s[K[?25h[?2026l[?2026h[?25l[A[1Gpulling manifest [K
pulling a8cc1361f314:  26% ▕████              ▏ 2.4 GB/9.3 GB  115 MB/s     59s[K[?25h[?2026l[?2026h[?25l[A[1Gpulling manifest [K
pulling a8cc1361f314:  26% ▕████              ▏ 2.5 GB/9.3 GB  115 MB/s     59s[K[?25h[?2026l[?2026h[?25l[A[1Gpulling manifest [K
pulling a8cc1361f314:  27% ▕████              ▏ 2.5 GB/9.3 GB  115 MB/s     58s[K[?25h[?2026l[?2026h[?25l[A[1Gpulling manifest [K
pulling a8cc1361f314:  27% ▕████              ▏ 2.5 GB/9.3 GB  115 MB/s     58s[K[?25h[?2026l[?2026h[?25l[A[1Gpulling manifest [K
pulling a8cc1361f314:  27% ▕████              ▏ 2.5 GB/9.3 GB  115 MB/s     58s[K[?25h[?2026l[?2026h[?25l[A[1Gpulling manifest [K
pulling a8cc1361f314:  27% ▕████              ▏ 2.5 GB/9.3 GB  115 MB/s     58s[K[?25h[?2026l[?2026h[?25l[A[1Gpulling manifest [K
pulling a8cc1361f314:  27% ▕████              ▏ 2.5 GB/9.3 GB  115 MB/s     58s[K[?25h[?2026l[?2026h[?25l[A[1Gpulling manifest [K
pulling a8cc1361f314:  27% ▕████              ▏ 2.5 GB/9.3 GB  115 MB/s     58s[K[?25h[?2026l[?2026h[?25l[A[1Gpulling manifest [K
pulling a8cc1361f314:  27% ▕████              ▏ 2.5 GB/9.3 GB  115 MB/s     58s[K[?25h[?2026l[?2026h[?25l[A[1Gpulling manifest [K
pulling a8cc1361f314:  27% ▕████              ▏ 2.5 GB/9.3 GB  115 MB/s     58s[K[?25h[?2026l[?2026h[?25l[A[1Gpulling manifest [K
pulling a8cc1361f314:  28% ▕████              ▏ 2.6 GB/9.3 GB  115 MB/s     58s[K[?25h[?2026l[?2026h[?25l[A[1Gpulling manifest [K
pulling a8cc1361f314:  28% ▕████              ▏ 2.6 GB/9.3 GB  115 MB/s     58s[K[?25h[?2026l[?2026h[?25l[A[1Gpulling manifest [K
pulling a8cc1361f314:  28% ▕█████             ▏ 2.6 GB/9.3 GB  115 MB/s     58s[K[?25h[?2026l[?2026h[?25l[A[1Gpulling manifest [K
pulling a8cc1361f314:  28% ▕█████             ▏ 2.6 GB/9.3 GB  115 MB/s     57s[K[?25h[?2026l[?2026h[?25l[A[1Gpulling manifest [K
pulling a8cc1361f314:  28% ▕█████             ▏ 2.6 GB/9.3 GB  115 MB/s     57s[K[?25h[?2026l[?2026h[?25l[A[1Gpulling manifest [K
pulling a8cc1361f314:  28% ▕█████             ▏ 2.6 GB/9.3 GB  115 MB/s     57s[K[?25h[?2026l[?2026h[?25l[A[1Gpulling manifest [K
pulling a8cc1361f314:  28% ▕█████             ▏ 2.6 GB/9.3 GB  115 MB/s     57s[K[?25h[?2026l[?2026h[?25l[A[1Gpulling manifest [K
pulling a8cc1361f314:  28% ▕█████             ▏ 2.6 GB/9.3 GB  115 MB/s     57s[K[?25h[?2026l[?2026h[?25l[A[1Gpulling manifest [K
pulling a8cc1361f314:  29% ▕█████             ▏ 2.6 GB/9.3 GB  115 MB/s     57s[K[?25h[?2026l[?2026h[?25l[A[1Gpulling manifest [K
pulling a8cc1361f314:  29% ▕█████             ▏ 2.7 GB/9.3 GB  115 MB/s     57s[K[?25h[?2026l[?2026h[?25l[A[1Gpulling manifest [K
pulling a8cc1361f314:  29% ▕█████             ▏ 2.7 GB/9.3 GB  115 MB/s     57s[K[?25h[?2026l[?2026h[?25l[A[1Gpulling manifest [K
pulling a8cc1361f314:  29% ▕█████             ▏ 2.7 GB/9.3 GB  115 MB/s     57s[K[?25h[?2026l[?2026h[?25l[A[1Gpulling manifest [K
pulling a8cc1361f314:  29% ▕█████             ▏ 2.7 GB/9.3 GB  115 MB/s     56s[K[?25h[?2026l[?2026h[?25l[A[1Gpulling manifest [K
pulling a8cc1361f314:  29% ▕█████             ▏ 2.7 GB/9.3 GB  115 MB/s     56s[K[?25h[?2026l[?2026h[?25l[A[1Gpulling manifest [K
pulling a8cc1361f314:  29% ▕█████             ▏ 2.7 GB/9.3 GB  115 MB/s     56s[K[?25h[?2026l[?2026h[?25l[A[1Gpulling manifest [K
pulling a8cc1361f314:  29% ▕█████             ▏ 2.7 GB/9.3 GB  115 MB/s     56s[K[?25h[?2026l[?2026h[?25l[A[1Gpulling manifest [K
pulling a8cc1361f314:  30% ▕█████             ▏ 2.7 GB/9.3 GB  115 MB/s     56s[K[?25h[?2026l[?2026h[?25l[A[1Gpulling manifest [K
pulling a8cc1361f314:  30% ▕█████             ▏ 2.8 GB/9.3 GB  115 MB/s     56s[K[?25h[?2026l[?2026h[?25l[A[1Gpulling manifest [K
pulling a8cc1361f314:  30% ▕█████             ▏ 2.8 GB/9.3 GB  115 MB/s     56s[K[?25h[?2026l[?2026h[?25l[A[1Gpulling manifest [K
pulling a8cc1361f314:  30% ▕█████             ▏ 2.8 GB/9.3 GB  115 MB/s     56s[K[?25h[?2026l[?2026h[?25l[A[1Gpulling manifest [K
pulling a8cc1361f314:  30% ▕█████             ▏ 2.8 GB/9.3 GB  115 MB/s     56s[K[?25h[?2026l[?2026h[?25l[A[1Gpulling manifest [K
pulling a8cc1361f314:  30% ▕█████             ▏ 2.8 GB/9.3 GB  115 MB/s     55s[K[?25h[?2026l[?2026h[?25l[A[1Gpulling manifest [K
pulling a8cc1361f314:  30% ▕█████             ▏ 2.8 GB/9.3 GB  115 MB/s     55s[K[?25h[?2026l[?2026h[?25l[A[1Gpulling manifest [K
pulling a8cc1361f314:  30% ▕█████             ▏ 2.8 GB/9.3 GB  115 MB/s     55s[K[?25h[?2026l[?2026h[?25l[A[1Gpulling manifest [K
pulling a8cc1361f314:  31% ▕█████             ▏ 2.8 GB/9.3 GB  115 MB/s     55s[K[?25h[?2026l[?2026h[?25l[A[1Gpulling manifest [K
pulling a8cc1361f314:  31% ▕█████             ▏ 2.8 GB/9.3 GB  115 MB/s     55s[K[?25h[?2026l[?2026h[?25l[A[1Gpulling manifest [K
pulling a8cc1361f314:  31% ▕█████             ▏ 2.9 GB/9.3 GB  115 MB/s     55s[K[?25h[?2026l[?2026h[?25l[A[1Gpulling manifest [K
pulling a8cc1361f314:  31% ▕█████             ▏ 2.9 GB/9.3 GB  115 MB/s     55s[K[?25h[?2026l[?2026h[?25l[A[1Gpulling manifest [K
pulling a8cc1361f314:  31% ▕█████             ▏ 2.9 GB/9.3 GB  115 MB/s     55s[K[?25h[?2026l[?2026h[?25l[A[1Gpulling manifest [K
pulling a8cc1361f314:  31% ▕█████             ▏ 2.9 GB/9.3 GB  115 MB/s     55s[K[?25h[?2026l[?2026h[?25l[A[1Gpulling manifest [K
pulling a8cc1361f314:  31% ▕█████             ▏ 2.9 GB/9.3 GB  115 MB/s     55s[K[?25h[?2026l[?2026h[?25l[A[1Gpulling manifest [K
pulling a8cc1361f314:  31% ▕█████             ▏ 2.9 GB/9.3 GB  115 MB/s     54s[K[?25h[?2026l[?2026h[?25l[A[1Gpulling manifest [K
pulling a8cc1361f314:  32% ▕█████             ▏ 2.9 GB/9.3 GB  115 MB/s     54s[K[?25h[?2026l[?2026h[?25l[A[1Gpulling manifest [K
pulling a8cc1361f314:  32% ▕█████             ▏ 2.9 GB/9.3 GB  115 MB/s     54s[K[?25h[?2026l[?2026h[?25l[A[1Gpulling manifest [K
pulling a8cc1361f314:  32% ▕█████             ▏ 3.0 GB/9.3 GB  115 MB/s     54s[K[?25h[?2026l[?2026h[?25l[A[1Gpulling manifest [K
pulling a8cc1361f314:  32% ▕█████             ▏ 3.0 GB/9.3 GB  115 MB/s     54s[K[?25h[?2026l[?2026h[?25l[A[1Gpulling manifest [K
pulling a8cc1361f314:  32% ▕█████             ▏ 3.0 GB/9.3 GB  115 MB/s     54s[K[?25h[?2026l[?2026h[?25l[A[1Gpulling manifest [K
pulling a8cc1361f314:  32% ▕█████             ▏ 3.0 GB/9.3 GB  115 MB/s     54s[K[?25h[?2026l[?2026h[?25l[A[1Gpulling manifest [K
pulling a8cc1361f314:  32% ▕█████             ▏ 3.0 GB/9.3 GB  115 MB/s     54s[K[?25h[?2026l[?2026h[?25l[A[1Gpulling manifest [K
pulling a8cc1361f314:  32% ▕█████             ▏ 3.0 GB/9.3 GB  115 MB/s     54s[K[?25h[?2026l[?2026h[?25l[A[1Gpulling manifest [K
pulling a8cc1361f314:  33% ▕█████             ▏ 3.0 GB/9.3 GB  115 MB/s     53s[K[?25h[?2026l[?2026h[?25l[A[1Gpulling manifest [K
pulling a8cc1361f314:  33% ▕█████             ▏ 3.0 GB/9.3 GB  115 MB/s     53s[K[?25h[?2026l[?2026h[?25l[A[1Gpulling manifest [K
pulling a8cc1361f314:  33% ▕█████             ▏ 3.0 GB/9.3 GB  115 MB/s     53s[K[?25h[?2026l[?2026h[?25l[A[1Gpulling manifest [K
pulling a8cc1361f314:  33% ▕█████             ▏ 3.1 GB/9.3 GB  115 MB/s     53s[K[?25h[?2026l[?2026h[?25l[A[1Gpulling manifest [K
pulling a8cc1361f314:  33% ▕█████             ▏ 3.1 GB/9.3 GB  115 MB/s     53s[K[?25h[?2026l[?2026h[?25l[A[1Gpulling manifest [K
pulling a8cc1361f314:  33% ▕█████             ▏ 3.1 GB/9.3 GB  115 MB/s     53s[K[?25h[?2026l[?2026h[?25l[A[1Gpulling manifest [K
pulling a8cc1361f314:  33% ▕██████            ▏ 3.1 GB/9.3 GB  115 MB/s     53s[K[?25h[?2026l[?2026h[?25l[A[1Gpulling manifest [K
pulling a8cc1361f314:  33% ▕██████            ▏ 3.1 GB/9.3 GB  115 MB/s     53s[K[?25h[?2026l[?2026h[?25l[A[1Gpulling manifest [K
pulling a8cc1361f314:  34% ▕██████            ▏ 3.1 GB/9.3 GB  115 MB/s     53s[K[?25h[?2026l[?2026h[?25l[A[1Gpulling manifest [K
pulling a8cc1361f314:  34% ▕██████            ▏ 3.1 GB/9.3 GB  115 MB/s     53s[K[?25h[?2026l[?2026h[?25l[A[1Gpulling manifest [K
pulling a8cc1361f314:  34% ▕██████            ▏ 3.1 GB/9.3 GB  115 MB/s     52s[K[?25h[?2026l[?2026h[?25l[A[1Gpulling manifest [K
pulling a8cc1361f314:  34% ▕██████            ▏ 3.1 GB/9.3 GB  115 MB/s     52s[K[?25h[?2026l[?2026h[?25l[A[1Gpulling manifest [K
pulling a8cc1361f314:  34% ▕██████            ▏ 3.2 GB/9.3 GB  116 MB/s     52s[K[?25h[?2026l[?2026h[?25l[A[1Gpulling manifest [K
pulling a8cc1361f314:  34% ▕██████            ▏ 3.2 GB/9.3 GB  116 MB/s     52s[K[?25h[?2026l[?2026h[?25l[A[1Gpulling manifest [K
pulling a8cc1361f314:  34% ▕██████            ▏ 3.2 GB/9.3 GB  116 MB/s     52s[K[?25h[?2026l[?2026h[?25l[A[1Gpulling manifest [K
pulling a8cc1361f314:  34% ▕██████            ▏ 3.2 GB/9.3 GB  116 MB/s     52s[K[?25h[?2026l[?2026h[?25l[A[1Gpulling manifest [K
pulling a8cc1361f314:  35% ▕██████            ▏ 3.2 GB/9.3 GB  116 MB/s     52s[K[?25h[?2026l[?2026h[?25l[A[1Gpulling manifest [K
pulling a8cc1361f314:  35% ▕██████            ▏ 3.2 GB/9.3 GB  116 MB/s     52s[K[?25h[?2026l[?2026h[?25l[A[1Gpulling manifest [K
pulling a8cc1361f314:  35% ▕██████            ▏ 3.2 GB/9.3 GB  116 MB/s     52s[K[?25h[?2026l[?2026h[?25l[A[1Gpulling manifest [K
pulling a8cc1361f314:  35% ▕██████            ▏ 3.2 GB/9.3 GB  116 MB/s     51s[K[?25h[?2026l[?2026h[?25l[A[1Gpulling manifest [K
pulling a8cc1361f314:  35% ▕██████            ▏ 3.3 GB/9.3 GB  116 MB/s     51s[K[?25h[?2026l[?2026h[?25l[A[1Gpulling manifest [K
pulling a8cc1361f314:  35% ▕██████            ▏ 3.3 GB/9.3 GB  116 MB/s     51s[K[?25h[?2026l[?2026h[?25l[A[1Gpulling manifest [K
pulling a8cc1361f314:  35% ▕██████            ▏ 3.3 GB/9.3 GB  116 MB/s     51s[K[?25h[?2026l[?2026h[?25l[A[1Gpulling manifest [K
pulling a8cc1361f314:  35% ▕██████            ▏ 3.3 GB/9.3 GB  116 MB/s     51s[K[?25h[?2026l[?2026h[?25l[A[1Gpulling manifest [K
pulling a8cc1361f314:  36% ▕██████            ▏ 3.3 GB/9.3 GB  116 MB/s     51s[K[?25h[?2026l[?2026h[?25l[A[1Gpulling manifest [K
pulling a8cc1361f314:  36% ▕██████            ▏ 3.3 GB/9.3 GB  116 MB/s     51s[K[?25h[?2026l[?2026h[?25l[A[1Gpulling manifest [K
pulling a8cc1361f314:  36% ▕██████            ▏ 3.3 GB/9.3 GB  116 MB/s     51s[K[?25h[?2026l[?2026h[?25l[A[1Gpulling manifest [K
pulling a8cc1361f314:  36% ▕██████            ▏ 3.3 GB/9.3 GB  116 MB/s     51s[K[?25h[?2026l[?2026h[?25l[A[1Gpulling manifest [K
pulling a8cc1361f314:  36% ▕██████            ▏ 3.3 GB/9.3 GB  116 MB/s     51s[K[?25h[?2026l[?2026h[?25l[A[1Gpulling manifest [K
pulling a8cc1361f314:  36% ▕██████            ▏ 3.4 GB/9.3 GB  116 MB/s     50s[K[?25h[?2026l[?2026h[?25l[A[1Gpulling manifest [K
pulling a8cc1361f314:  36% ▕██████            ▏ 3.4 GB/9.3 GB  116 MB/s     50s[K[?25h[?2026l[?2026h[?25l[A[1Gpulling manifest [K
pulling a8cc1361f314:  36% ▕██████            ▏ 3.4 GB/9.3 GB  116 MB/s     50s[K[?25h[?2026l[?2026h[?25l[A[1Gpulling manifest [K
pulling a8cc1361f314:  37% ▕██████            ▏ 3.4 GB/9.3 GB  117 MB/s     49s[K[?25h[?2026l[?2026h[?25l[A[1Gpulling manifest [K
pulling a8cc1361f314:  37% ▕██████            ▏ 3.4 GB/9.3 GB  117 MB/s     49s[K[?25h[?2026l[?2026h[?25l[A[1Gpulling manifest [K
pulling a8cc1361f314:  37% ▕██████            ▏ 3.4 GB/9.3 GB  117 MB/s     49s[K[?25h[?2026l[?2026h[?25l[A[1Gpulling manifest [K
pulling a8cc1361f314:  37% ▕██████            ▏ 3.4 GB/9.3 GB  117 MB/s     49s[K[?25h[?2026l[?2026h[?25l[A[1Gpulling manifest [K
pulling a8cc1361f314:  37% ▕██████            ▏ 3.4 GB/9.3 GB  117 MB/s     49s[K[?25h[?2026l[?2026h[?25l[A[1Gpulling manifest [K
pulling a8cc1361f314:  37% ▕██████            ▏ 3.4 GB/9.3 GB  117 MB/s     49s[K[?25h[?2026l[?2026h[?25l[A[1Gpulling manifest [K
pulling a8cc1361f314:  37% ▕██████            ▏ 3.5 GB/9.3 GB  117 MB/s     49s[K[?25h[?2026l[?2026h[?25l[A[1Gpulling manifest [K
pulling a8cc1361f314:  37% ▕██████            ▏ 3.5 GB/9.3 GB  117 MB/s     49s[K[?25h[?2026l[?2026h[?25l[A[1Gpulling manifest [K
pulling a8cc1361f314:  37% ▕██████            ▏ 3.5 GB/9.3 GB  117 MB/s     49s[K[?25h[?2026l[?2026h[?25l[A[1Gpulling manifest [K
pulling a8cc1361f314:  38% ▕██████            ▏ 3.5 GB/9.3 GB  117 MB/s     49s[K[?25h[?2026l[?2026h[?25l[A[1Gpulling manifest [K
pulling a8cc1361f314:  38% ▕██████            ▏ 3.5 GB/9.3 GB  117 MB/s     49s[K[?25h[?2026l[?2026h[?25l[A[1Gpulling manifest [K
pulling a8cc1361f314:  38% ▕██████            ▏ 3.5 GB/9.3 GB  117 MB/s     48s[K[?25h[?2026l[?2026h[?25l[A[1Gpulling manifest [K
pulling a8cc1361f314:  38% ▕██████            ▏ 3.5 GB/9.3 GB  117 MB/s     48s[K[?25h[?2026l[?2026h[?25l[A[1Gpulling manifest [K
pulling a8cc1361f314:  38% ▕██████            ▏ 3.5 GB/9.3 GB  117 MB/s     48s[K[?25h[?2026l[?2026h[?25l[A[1Gpulling manifest [K
pulling a8cc1361f314:  38% ▕██████            ▏ 3.5 GB/9.3 GB  117 MB/s     48s[K[?25h[?2026l[?2026h[?25l[A[1Gpulling manifest [K
pulling a8cc1361f314:  38% ▕██████            ▏ 3.6 GB/9.3 GB  117 MB/s     48s[K[?25h[?2026l[?2026h[?25l[A[1Gpulling manifest [K
pulling a8cc1361f314:  39% ▕██████            ▏ 3.6 GB/9.3 GB  117 MB/s     48s[K[?25h[?2026l[?2026h[?25l[A[1Gpulling manifest [K
pulling a8cc1361f314:  39% ▕██████            ▏ 3.6 GB/9.3 GB  117 MB/s     48s[K[?25h[?2026l[?2026h[?25l[A[1Gpulling manifest [K
pulling a8cc1361f314:  39% ▕██████            ▏ 3.6 GB/9.3 GB  117 MB/s     48s[K[?25h[?2026l[?2026h[?25l[A[1Gpulling manifest [K
pulling a8cc1361f314:  39% ▕███████           ▏ 3.6 GB/9.3 GB  117 MB/s     48s[K[?25h[?2026l[?2026h[?25l[A[1Gpulling manifest [K
pulling a8cc1361f314:  39% ▕███████           ▏ 3.6 GB/9.3 GB  117 MB/s     48s[K[?25h[?2026l[?2026h[?25l[A[1Gpulling manifest [K
pulling a8cc1361f314:  39% ▕███████           ▏ 3.6 GB/9.3 GB  117 MB/s     47s[K[?25h[?2026l[?2026h[?25l[A[1Gpulling manifest [K
pulling a8cc1361f314:  39% ▕███████           ▏ 3.6 GB/9.3 GB  117 MB/s     47s[K[?25h[?2026l[?2026h[?25l[A[1Gpulling manifest [K
pulling a8cc1361f314:  39% ▕███████           ▏ 3.7 GB/9.3 GB  117 MB/s     47s[K[?25h[?2026l[?2026h[?25l[A[1Gpulling manifest [K
pulling a8cc1361f314:  40% ▕███████           ▏ 3.7 GB/9.3 GB  117 MB/s     47s[K[?25h[?2026l[?2026h[?25l[A[1Gpulling manifest [K
pulling a8cc1361f314:  40% ▕███████           ▏ 3.7 GB/9.3 GB  117 MB/s     47s[K[?25h[?2026l[?2026h[?25l[A[1Gpulling manifest [K
pulling a8cc1361f314:  40% ▕███████           ▏ 3.7 GB/9.3 GB  117 MB/s     47s[K[?25h[?2026l[?2026h[?25l[A[1Gpulling manifest [K
pulling a8cc1361f314:  40% ▕███████           ▏ 3.7 GB/9.3 GB  117 MB/s     47s[K[?25h[?2026l[?2026h[?25l[A[1Gpulling manifest [K
pulling a8cc1361f314:  40% ▕███████           ▏ 3.7 GB/9.3 GB  117 MB/s     47s[K[?25h[?2026l[?2026h[?25l[A[1Gpulling manifest [K
pulling a8cc1361f314:  40% ▕███████           ▏ 3.7 GB/9.3 GB  117 MB/s     47s[K[?25h[?2026l[?2026h[?25l[A[1Gpulling manifest [K
pulling a8cc1361f314:  40% ▕███████           ▏ 3.7 GB/9.3 GB  117 MB/s     47s[K[?25h[?2026l[?2026h[?25l[A[1Gpulling manifest [K
pulling a8cc1361f314:  40% ▕███████           ▏ 3.8 GB/9.3 GB  117 MB/s     46s[K[?25h[?2026l[?2026h[?25l[A[1Gpulling manifest [K
pulling a8cc1361f314:  41% ▕███████           ▏ 3.8 GB/9.3 GB  117 MB/s     46s[K[?25h[?2026l[?2026h[?25l[A[1Gpulling manifest [K
pulling a8cc1361f314:  41% ▕███████           ▏ 3.8 GB/9.3 GB  117 MB/s     46s[K[?25h[?2026l[?2026h[?25l[A[1Gpulling manifest [K
pulling a8cc1361f314:  41% ▕███████           ▏ 3.8 GB/9.3 GB  117 MB/s     46s[K[?25h[?2026l[?2026h[?25l[A[1Gpulling manifest [K
pulling a8cc1361f314:  41% ▕███████           ▏ 3.8 GB/9.3 GB  117 MB/s     46s[K[?25h[?2026l[?2026h[?25l[A[1Gpulling manifest [K
pulling a8cc1361f314:  41% ▕███████           ▏ 3.8 GB/9.3 GB  117 MB/s     46s[K[?25h[?2026l[?2026h[?25l[A[1Gpulling manifest [K
pulling a8cc1361f314:  41% ▕███████           ▏ 3.8 GB/9.3 GB  117 MB/s     46s[K[?25h[?2026l[?2026h[?25l[A[1Gpulling manifest [K
pulling a8cc1361f314:  41% ▕███████           ▏ 3.8 GB/9.3 GB  117 MB/s     46s[K[?25h[?2026l[?2026h[?25l[A[1Gpulling manifest [K
pulling a8cc1361f314:  41% ▕███████           ▏ 3.8 GB/9.3 GB  117 MB/s     46s[K[?25h[?2026l[?2026h[?25l[A[1Gpulling manifest [K
pulling a8cc1361f314:  42% ▕███████           ▏ 3.9 GB/9.3 GB  117 MB/s     45s[K[?25h[?2026l[?2026h[?25l[A[1Gpulling manifest [K
pulling a8cc1361f314:  42% ▕███████           ▏ 3.9 GB/9.3 GB  117 MB/s     45s[K[?25h[?2026l[?2026h[?25l[A[1Gpulling manifest [K
pulling a8cc1361f314:  42% ▕███████           ▏ 3.9 GB/9.3 GB  117 MB/s     45s[K[?25h[?2026l[?2026h[?25l[A[1Gpulling manifest [K
pulling a8cc1361f314:  42% ▕███████           ▏ 3.9 GB/9.3 GB  117 MB/s     45s[K[?25h[?2026l[?2026h[?25l[A[1Gpulling manifest [K
pulling a8cc1361f314:  42% ▕███████           ▏ 3.9 GB/9.3 GB  117 MB/s     45s[K[?25h[?2026l[?2026h[?25l[A[1Gpulling manifest [K
pulling a8cc1361f314:  42% ▕███████           ▏ 3.9 GB/9.3 GB  117 MB/s     45s[K[?25h[?2026l[?2026h[?25l[A[1Gpulling manifest [K
pulling a8cc1361f314:  42% ▕███████           ▏ 3.9 GB/9.3 GB  117 MB/s     45s[K[?25h[?2026l[?2026h[?25l[A[1Gpulling manifest [K
pulling a8cc1361f314:  42% ▕███████           ▏ 3.9 GB/9.3 GB  117 MB/s     45s[K[?25h[?2026l[?2026h[?25l[A[1Gpulling manifest [K
pulling a8cc1361f314:  43% ▕███████           ▏ 3.9 GB/9.3 GB  117 MB/s     45s[K[?25h[?2026l[?2026h[?25l[A[1Gpulling manifest [K
pulling a8cc1361f314:  43% ▕███████           ▏ 4.0 GB/9.3 GB  117 MB/s     45s[K[?25h[?2026l[?2026h[?25l[A[1Gpulling manifest [K
pulling a8cc1361f314:  43% ▕███████           ▏ 4.0 GB/9.3 GB  117 MB/s     45s[K[?25h[?2026l[?2026h[?25l[A[1Gpulling manifest [K
pulling a8cc1361f314:  43% ▕███████           ▏ 4.0 GB/9.3 GB  117 MB/s     44s[K[?25h[?2026l[?2026h[?25l[A[1Gpulling manifest [K
pulling a8cc1361f314:  43% ▕███████           ▏ 4.0 GB/9.3 GB  117 MB/s     44s[K[?25h[?2026l[?2026h[?25l[A[1Gpulling manifest [K
pulling a8cc1361f314:  43% ▕███████           ▏ 4.0 GB/9.3 GB  117 MB/s     44s[K[?25h[?2026l[?2026h[?25l[A[1Gpulling manifest [K
pulling a8cc1361f314:  43% ▕███████           ▏ 4.0 GB/9.3 GB  117 MB/s     44s[K[?25h[?2026l[?2026h[?25l[A[1Gpulling manifest [K
pulling a8cc1361f314:  43% ▕███████           ▏ 4.0 GB/9.3 GB  117 MB/s     44s[K[?25h[?2026l[?2026h[?25l[A[1Gpulling manifest [K
pulling a8cc1361f314:  44% ▕███████           ▏ 4.0 GB/9.3 GB  117 MB/s     44s[K[?25h[?2026l[?2026h[?25l[A[1Gpulling manifest [K
pulling a8cc1361f314:  44% ▕███████           ▏ 4.0 GB/9.3 GB  117 MB/s     44s[K[?25h[?2026l[?2026h[?25l[A[1Gpulling manifest [K
pulling a8cc1361f314:  44% ▕███████           ▏ 4.1 GB/9.3 GB  117 MB/s     44s[K[?25h[?2026l[?2026h[?25l[A[1Gpulling manifest [K
pulling a8cc1361f314:  44% ▕███████           ▏ 4.1 GB/9.3 GB  117 MB/s     44s[K[?25h[?2026l[?2026h[?25l[A[1Gpulling manifest [K
pulling a8cc1361f314:  44% ▕███████           ▏ 4.1 GB/9.3 GB  117 MB/s     44s[K[?25h[?2026l[?2026h[?25l[A[1Gpulling manifest [K
pulling a8cc1361f314:  44% ▕███████           ▏ 4.1 GB/9.3 GB  117 MB/s     43s[K[?25h[?2026l[?2026h[?25l[A[1Gpulling manifest [K
pulling a8cc1361f314:  44% ▕███████           ▏ 4.1 GB/9.3 GB  117 MB/s     43s[K[?25h[?2026l[?2026h[?25l[A[1Gpulling manifest [K
pulling a8cc1361f314:  44% ▕███████           ▏ 4.1 GB/9.3 GB  117 MB/s     43s[K[?25h[?2026l[?2026h[?25l[A[1Gpulling manifest [K
pulling a8cc1361f314:  45% ▕████████          ▏ 4.1 GB/9.3 GB  117 MB/s     43s[K[?25h[?2026l[?2026h[?25l[A[1Gpulling manifest [K
pulling a8cc1361f314:  45% ▕████████          ▏ 4.1 GB/9.3 GB  117 MB/s     43s[K[?25h[?2026l[?2026h[?25l[A[1Gpulling manifest [K
pulling a8cc1361f314:  45% ▕████████          ▏ 4.2 GB/9.3 GB  117 MB/s     43s[K[?25h[?2026l[?2026h[?25l[A[1Gpulling manifest [K
pulling a8cc1361f314:  45% ▕████████          ▏ 4.2 GB/9.3 GB  117 MB/s     43s[K[?25h[?2026l[?2026h[?25l[A[1Gpulling manifest [K
pulling a8cc1361f314:  45% ▕████████          ▏ 4.2 GB/9.3 GB  117 MB/s     43s[K[?25h[?2026l[?2026h[?25l[A[1Gpulling manifest [K
pulling a8cc1361f314:  45% ▕████████          ▏ 4.2 GB/9.3 GB  117 MB/s     43s[K[?25h[?2026l[?2026h[?25l[A[1Gpulling manifest [K
pulling a8cc1361f314:  45% ▕████████          ▏ 4.2 GB/9.3 GB  117 MB/s     43s[K[?25h[?2026l[?2026h[?25l[A[1Gpulling manifest [K
pulling a8cc1361f314:  45% ▕████████          ▏ 4.2 GB/9.3 GB  117 MB/s     42s[K[?25h[?2026l[?2026h[?25l[A[1Gpulling manifest [K
pulling a8cc1361f314:  46% ▕████████          ▏ 4.2 GB/9.3 GB  117 MB/s     42s[K[?25h[?2026l[?2026h[?25l[A[1Gpulling manifest [K
pulling a8cc1361f314:  46% ▕████████          ▏ 4.2 GB/9.3 GB  117 MB/s     42s[K[?25h[?2026l[?2026h[?25l[A[1Gpulling manifest [K
pulling a8cc1361f314:  46% ▕████████          ▏ 4.2 GB/9.3 GB  117 MB/s     42s[K[?25h[?2026l[?2026h[?25l[A[1Gpulling manifest [K
pulling a8cc1361f314:  46% ▕████████          ▏ 4.3 GB/9.3 GB  117 MB/s     42s[K[?25h[?2026l[?2026h[?25l[A[1Gpulling manifest [K
pulling a8cc1361f314:  46% ▕████████          ▏ 4.3 GB/9.3 GB  117 MB/s     42s[K[?25h[?2026l[?2026h[?25l[A[1Gpulling manifest [K
pulling a8cc1361f314:  46% ▕████████          ▏ 4.3 GB/9.3 GB  117 MB/s     42s[K[?25h[?2026l[?2026h[?25l[A[1Gpulling manifest [K
pulling a8cc1361f314:  46% ▕████████          ▏ 4.3 GB/9.3 GB  117 MB/s     42s[K[?25h[?2026l[?2026h[?25l[A[1Gpulling manifest [K
pulling a8cc1361f314:  46% ▕████████          ▏ 4.3 GB/9.3 GB  117 MB/s     42s[K[?25h[?2026l[?2026h[?25l[A[1Gpulling manifest [K
pulling a8cc1361f314:  46% ▕████████          ▏ 4.3 GB/9.3 GB  117 MB/s     42s[K[?25h[?2026l[?2026h[?25l[A[1Gpulling manifest [K
pulling a8cc1361f314:  47% ▕████████          ▏ 4.3 GB/9.3 GB  117 MB/s     41s[K[?25h[?2026l[?2026h[?25l[A[1Gpulling manifest [K
pulling a8cc1361f314:  47% ▕████████          ▏ 4.3 GB/9.3 GB  117 MB/s     41s[K[?25h[?2026l[?2026h[?25l[A[1Gpulling manifest [K
pulling a8cc1361f314:  47% ▕████████          ▏ 4.3 GB/9.3 GB  117 MB/s     41s[K[?25h[?2026l[?2026h[?25l[A[1Gpulling manifest [K
pulling a8cc1361f314:  47% ▕████████          ▏ 4.4 GB/9.3 GB  117 MB/s     41s[K[?25h[?2026l[?2026h[?25l[A[1Gpulling manifest [K
pulling a8cc1361f314:  47% ▕████████          ▏ 4.4 GB/9.3 GB  117 MB/s     41s[K[?25h[?2026l[?2026h[?25l[A[1Gpulling manifest [K
pulling a8cc1361f314:  47% ▕████████          ▏ 4.4 GB/9.3 GB  117 MB/s     41s[K[?25h[?2026l[?2026h[?25l[A[1Gpulling manifest [K
pulling a8cc1361f314:  47% ▕████████          ▏ 4.4 GB/9.3 GB  117 MB/s     41s[K[?25h[?2026l[?2026h[?25l[A[1Gpulling manifest [K
pulling a8cc1361f314:  48% ▕████████          ▏ 4.4 GB/9.3 GB  117 MB/s     41s[K[?25h[?2026l[?2026h[?25l[A[1Gpulling manifest [K
pulling a8cc1361f314:  48% ▕████████          ▏ 4.4 GB/9.3 GB  117 MB/s     41s[K[?25h[?2026l[?2026h[?25l[A[1Gpulling manifest [K
pulling a8cc1361f314:  48% ▕████████          ▏ 4.4 GB/9.3 GB  117 MB/s     41s[K[?25h[?2026l[?2026h[?25l[A[1Gpulling manifest [K
pulling a8cc1361f314:  48% ▕████████          ▏ 4.4 GB/9.3 GB  117 MB/s     41s[K[?25h[?2026l[?2026h[?25l[A[1Gpulling manifest [K
pulling a8cc1361f314:  48% ▕████████          ▏ 4.5 GB/9.3 GB  117 MB/s     40s[K[?25h[?2026l[?2026h[?25l[A[1Gpulling manifest [K
pulling a8cc1361f314:  48% ▕████████          ▏ 4.5 GB/9.3 GB  117 MB/s     40s[K[?25h[?2026l[?2026h[?25l[A[1Gpulling manifest [K
pulling a8cc1361f314:  48% ▕████████          ▏ 4.5 GB/9.3 GB  117 MB/s     40s[K[?25h[?2026l[?2026h[?25l[A[1Gpulling manifest [K
pulling a8cc1361f314:  48% ▕████████          ▏ 4.5 GB/9.3 GB  117 MB/s     40s[K[?25h[?2026l[?2026h[?25l[A[1Gpulling manifest [K
pulling a8cc1361f314:  49% ▕████████          ▏ 4.5 GB/9.3 GB  117 MB/s     40s[K[?25h[?2026l[?2026h[?25l[A[1Gpulling manifest [K
pulling a8cc1361f314:  49% ▕████████          ▏ 4.5 GB/9.3 GB  117 MB/s     40s[K[?25h[?2026l[?2026h[?25l[A[1Gpulling manifest [K
pulling a8cc1361f314:  49% ▕████████          ▏ 4.5 GB/9.3 GB  117 MB/s     40s[K[?25h[?2026l[?2026h[?25l[A[1Gpulling manifest [K
pulling a8cc1361f314:  49% ▕████████          ▏ 4.5 GB/9.3 GB  117 MB/s     40s[K[?25h[?2026l[?2026h[?25l[A[1Gpulling manifest [K
pulling a8cc1361f314:  49% ▕████████          ▏ 4.5 GB/9.3 GB  117 MB/s     40s[K[?25h[?2026l[?2026h[?25l[A[1Gpulling manifest [K
pulling a8cc1361f314:  49% ▕████████          ▏ 4.6 GB/9.3 GB  117 MB/s     40s[K[?25h[?2026l[?2026h[?25l[A[1Gpulling manifest [K
pulling a8cc1361f314:  49% ▕████████          ▏ 4.6 GB/9.3 GB  118 MB/s     39s[K[?25h[?2026l[?2026h[?25l[A[1Gpulling manifest [K
pulling a8cc1361f314:  49% ▕████████          ▏ 4.6 GB/9.3 GB  118 MB/s     39s[K[?25h[?2026l[?2026h[?25l[A[1Gpulling manifest [K
pulling a8cc1361f314:  49% ▕████████          ▏ 4.6 GB/9.3 GB  118 MB/s     39s[K[?25h[?2026l[?2026h[?25l[A[1Gpulling manifest [K
pulling a8cc1361f314:  50% ▕████████          ▏ 4.6 GB/9.3 GB  118 MB/s     39s[K[?25h[?2026l[?2026h[?25l[A[1Gpulling manifest [K
pulling a8cc1361f314:  50% ▕████████          ▏ 4.6 GB/9.3 GB  118 MB/s     39s[K[?25h[?2026l[?2026h[?25l[A[1Gpulling manifest [K
pulling a8cc1361f314:  50% ▕████████          ▏ 4.6 GB/9.3 GB  118 MB/s     39s[K[?25h[?2026l[?2026h[?25l[A[1Gpulling manifest [K
pulling a8cc1361f314:  50% ▕█████████         ▏ 4.6 GB/9.3 GB  118 MB/s     39s[K[?25h[?2026l[?2026h[?25l[A[1Gpulling manifest [K
pulling a8cc1361f314:  50% ▕█████████         ▏ 4.7 GB/9.3 GB  118 MB/s     39s[K[?25h[?2026l[?2026h[?25l[A[1Gpulling manifest [K
pulling a8cc1361f314:  50% ▕█████████         ▏ 4.7 GB/9.3 GB  118 MB/s     39s[K[?25h[?2026l[?2026h[?25l[A[1Gpulling manifest [K
pulling a8cc1361f314:  50% ▕█████████         ▏ 4.7 GB/9.3 GB  118 MB/s     38s[K[?25h[?2026l[?2026h[?25l[A[1Gpulling manifest [K
pulling a8cc1361f314:  51% ▕█████████         ▏ 4.7 GB/9.3 GB  117 MB/s     38s[K[?25h[?2026l[?2026h[?25l[A[1Gpulling manifest [K
pulling a8cc1361f314:  51% ▕█████████         ▏ 4.7 GB/9.3 GB  117 MB/s     38s[K[?25h[?2026l[?2026h[?25l[A[1Gpulling manifest [K
pulling a8cc1361f314:  51% ▕█████████         ▏ 4.7 GB/9.3 GB  117 MB/s     38s[K[?25h[?2026l[?2026h[?25l[A[1Gpulling manifest [K
pulling a8cc1361f314:  51% ▕█████████         ▏ 4.7 GB/9.3 GB  117 MB/s     38s[K[?25h[?2026l[?2026h[?25l[A[1Gpulling manifest [K
pulling a8cc1361f314:  51% ▕█████████         ▏ 4.7 GB/9.3 GB  117 MB/s     38s[K[?25h[?2026l[?2026h[?25l[A[1Gpulling manifest [K
pulling a8cc1361f314:  51% ▕█████████         ▏ 4.7 GB/9.3 GB  117 MB/s     38s[K[?25h[?2026l[?2026h[?25l[A[1Gpulling manifest [K
pulling a8cc1361f314:  51% ▕█████████         ▏ 4.8 GB/9.3 GB  117 MB/s     38s[K[?25h[?2026l[?2026h[?25l[A[1Gpulling manifest [K
pulling a8cc1361f314:  51% ▕█████████         ▏ 4.8 GB/9.3 GB  117 MB/s     38s[K[?25h[?2026l[?2026h[?25l[A[1Gpulling manifest [K
pulling a8cc1361f314:  51% ▕█████████         ▏ 4.8 GB/9.3 GB  117 MB/s     38s[K[?25h[?2026l[?2026h[?25l[A[1Gpulling manifest [K
pulling a8cc1361f314:  52% ▕█████████         ▏ 4.8 GB/9.3 GB  117 MB/s     38s[K[?25h[?2026l[?2026h[?25l[A[1Gpulling manifest [K
pulling a8cc1361f314:  52% ▕█████████         ▏ 4.8 GB/9.3 GB  117 MB/s     37s[K[?25h[?2026l[?2026h[?25l[A[1Gpulling manifest [K
pulling a8cc1361f314:  52% ▕█████████         ▏ 4.8 GB/9.3 GB  117 MB/s     37s[K[?25h[?2026l[?2026h[?25l[A[1Gpulling manifest [K
pulling a8cc1361f314:  52% ▕█████████         ▏ 4.8 GB/9.3 GB  117 MB/s     37s[K[?25h[?2026l[?2026h[?25l[A[1Gpulling manifest [K
pulling a8cc1361f314:  52% ▕█████████         ▏ 4.8 GB/9.3 GB  117 MB/s     37s[K[?25h[?2026l[?2026h[?25l[A[1Gpulling manifest [K
pulling a8cc1361f314:  52% ▕█████████         ▏ 4.8 GB/9.3 GB  117 MB/s     37s[K[?25h[?2026l[?2026h[?25l[A[1Gpulling manifest [K
pulling a8cc1361f314:  52% ▕█████████         ▏ 4.9 GB/9.3 GB  117 MB/s     37s[K[?25h[?2026l[?2026h[?25l[A[1Gpulling manifest [K
pulling a8cc1361f314:  52% ▕█████████         ▏ 4.9 GB/9.3 GB  117 MB/s     37s[K[?25h[?2026l[?2026h[?25l[A[1Gpulling manifest [K
pulling a8cc1361f314:  53% ▕█████████         ▏ 4.9 GB/9.3 GB  117 MB/s     37s[K[?25h[?2026l[?2026h[?25l[A[1Gpulling manifest [K
pulling a8cc1361f314:  53% ▕█████████         ▏ 4.9 GB/9.3 GB  117 MB/s     37s[K[?25h[?2026l[?2026h[?25l[A[1Gpulling manifest [K
pulling a8cc1361f314:  53% ▕█████████         ▏ 4.9 GB/9.3 GB  117 MB/s     37s[K[?25h[?2026l[?2026h[?25l[A[1Gpulling manifest [K
pulling a8cc1361f314:  53% ▕█████████         ▏ 4.9 GB/9.3 GB  117 MB/s     36s[K[?25h[?2026l[?2026h[?25l[A[1Gpulling manifest [K
pulling a8cc1361f314:  53% ▕█████████         ▏ 4.9 GB/9.3 GB  117 MB/s     36s[K[?25h[?2026l[?2026h[?25l[A[1Gpulling manifest [K
pulling a8cc1361f314:  53% ▕█████████         ▏ 4.9 GB/9.3 GB  117 MB/s     36s[K[?25h[?2026l[?2026h[?25l[A[1Gpulling manifest [K
pulling a8cc1361f314:  53% ▕█████████         ▏ 4.9 GB/9.3 GB  117 MB/s     36s[K[?25h[?2026l[?2026h[?25l[A[1Gpulling manifest [K
pulling a8cc1361f314:  54% ▕█████████         ▏ 5.0 GB/9.3 GB  117 MB/s     36s[K[?25h[?2026l[?2026h[?25l[A[1Gpulling manifest [K
pulling a8cc1361f314:  54% ▕█████████         ▏ 5.0 GB/9.3 GB  117 MB/s     36s[K[?25h[?2026l[?2026h[?25l[A[1Gpulling manifest [K
pulling a8cc1361f314:  54% ▕█████████         ▏ 5.0 GB/9.3 GB  117 MB/s     36s[K[?25h[?2026l[?2026h[?25l[A[1Gpulling manifest [K
pulling a8cc1361f314:  54% ▕█████████         ▏ 5.0 GB/9.3 GB  117 MB/s     36s[K[?25h[?2026l[?2026h[?25l[A[1Gpulling manifest [K
pulling a8cc1361f314:  54% ▕█████████         ▏ 5.0 GB/9.3 GB  117 MB/s     36s[K[?25h[?2026l[?2026h[?25l[A[1Gpulling manifest [K
pulling a8cc1361f314:  54% ▕█████████         ▏ 5.0 GB/9.3 GB  117 MB/s     36s[K[?25h[?2026l[?2026h[?25l[A[1Gpulling manifest [K
pulling a8cc1361f314:  54% ▕█████████         ▏ 5.0 GB/9.3 GB  117 MB/s     36s[K[?25h[?2026l[?2026h[?25l[A[1Gpulling manifest [K
pulling a8cc1361f314:  54% ▕█████████         ▏ 5.0 GB/9.3 GB  117 MB/s     36s[K[?25h[?2026l[?2026h[?25l[A[1Gpulling manifest [K
pulling a8cc1361f314:  54% ▕█████████         ▏ 5.1 GB/9.3 GB  117 MB/s     35s[K[?25h[?2026l[?2026h[?25l[A[1Gpulling manifest [K
pulling a8cc1361f314:  55% ▕█████████         ▏ 5.1 GB/9.3 GB  117 MB/s     35s[K[?25h[?2026l[?2026h[?25l[A[1Gpulling manifest [K
pulling a8cc1361f314:  55% ▕█████████         ▏ 5.1 GB/9.3 GB  117 MB/s     35s[K[?25h[?2026l[?2026h[?25l[A[1Gpulling manifest [K
pulling a8cc1361f314:  55% ▕█████████         ▏ 5.1 GB/9.3 GB  117 MB/s     35s[K[?25h[?2026l[?2026h[?25l[A[1Gpulling manifest [K
pulling a8cc1361f314:  55% ▕█████████         ▏ 5.1 GB/9.3 GB  117 MB/s     35s[K[?25h[?2026l[?2026h[?25l[A[1Gpulling manifest [K
pulling a8cc1361f314:  55% ▕█████████         ▏ 5.1 GB/9.3 GB  117 MB/s     35s[K[?25h[?2026l[?2026h[?25l[A[1Gpulling manifest [K
pulling a8cc1361f314:  55% ▕█████████         ▏ 5.1 GB/9.3 GB  117 MB/s     35s[K[?25h[?2026l[?2026h[?25l[A[1Gpulling manifest [K
pulling a8cc1361f314:  55% ▕█████████         ▏ 5.1 GB/9.3 GB  117 MB/s     35s[K[?25h[?2026l[?2026h[?25l[A[1Gpulling manifest [K
pulling a8cc1361f314:  55% ▕█████████         ▏ 5.1 GB/9.3 GB  117 MB/s     35s[K[?25h[?2026l[?2026h[?25l[A[1Gpulling manifest [K
pulling a8cc1361f314:  56% ▕██████████        ▏ 5.2 GB/9.3 GB  117 MB/s     35s[K[?25h[?2026l[?2026h[?25l[A[1Gpulling manifest [K
pulling a8cc1361f314:  56% ▕██████████        ▏ 5.2 GB/9.3 GB  117 MB/s     34s[K[?25h[?2026l[?2026h[?25l[A[1Gpulling manifest [K
pulling a8cc1361f314:  56% ▕██████████        ▏ 5.2 GB/9.3 GB  117 MB/s     34s[K[?25h[?2026l[?2026h[?25l[A[1Gpulling manifest [K
pulling a8cc1361f314:  56% ▕██████████        ▏ 5.2 GB/9.3 GB  117 MB/s     34s[K[?25h[?2026l[?2026h[?25l[A[1Gpulling manifest [K
pulling a8cc1361f314:  56% ▕██████████        ▏ 5.2 GB/9.3 GB  117 MB/s     34s[K[?25h[?2026l[?2026h[?25l[A[1Gpulling manifest [K
pulling a8cc1361f314:  56% ▕██████████        ▏ 5.2 GB/9.3 GB  117 MB/s     34s[K[?25h[?2026l[?2026h[?25l[A[1Gpulling manifest [K
pulling a8cc1361f314:  56% ▕██████████        ▏ 5.2 GB/9.3 GB  117 MB/s     34s[K[?25h[?2026l[?2026h[?25l[A[1Gpulling manifest [K
pulling a8cc1361f314:  56% ▕██████████        ▏ 5.2 GB/9.3 GB  117 MB/s     34s[K[?25h[?2026l[?2026h[?25l[A[1Gpulling manifest [K
pulling a8cc1361f314:  57% ▕██████████        ▏ 5.2 GB/9.3 GB  117 MB/s     34s[K[?25h[?2026l[?2026h[?25l[A[1Gpulling manifest [K
pulling a8cc1361f314:  57% ▕██████████        ▏ 5.3 GB/9.3 GB  117 MB/s     34s[K[?25h[?2026l[?2026h[?25l[A[1Gpulling manifest [K
pulling a8cc1361f314:  57% ▕██████████        ▏ 5.3 GB/9.3 GB  117 MB/s     34s[K[?25h[?2026l[?2026h[?25l[A[1Gpulling manifest [K
pulling a8cc1361f314:  57% ▕██████████        ▏ 5.3 GB/9.3 GB  117 MB/s     34s[K[?25h[?2026l[?2026h[?25l[A[1Gpulling manifest [K
pulling a8cc1361f314:  57% ▕██████████        ▏ 5.3 GB/9.3 GB  117 MB/s     33s[K[?25h[?2026l[?2026h[?25l[A[1Gpulling manifest [K
pulling a8cc1361f314:  57% ▕██████████        ▏ 5.3 GB/9.3 GB  117 MB/s     33s[K[?25h[?2026l[?2026h[?25l[A[1Gpulling manifest [K
pulling a8cc1361f314:  57% ▕██████████        ▏ 5.3 GB/9.3 GB  117 MB/s     33s[K[?25h[?2026l[?2026h[?25l[A[1Gpulling manifest [K
pulling a8cc1361f314:  57% ▕██████████        ▏ 5.3 GB/9.3 GB  117 MB/s     33s[K[?25h[?2026l[?2026h[?25l[A[1Gpulling manifest [K
pulling a8cc1361f314:  58% ▕██████████        ▏ 5.3 GB/9.3 GB  117 MB/s     33s[K[?25h[?2026l[?2026h[?25l[A[1Gpulling manifest [K
pulling a8cc1361f314:  58% ▕██████████        ▏ 5.3 GB/9.3 GB  117 MB/s     33s[K[?25h[?2026l[?2026h[?25l[A[1Gpulling manifest [K
pulling a8cc1361f314:  58% ▕██████████        ▏ 5.4 GB/9.3 GB  117 MB/s     33s[K[?25h[?2026l[?2026h[?25l[A[1Gpulling manifest [K
pulling a8cc1361f314:  58% ▕██████████        ▏ 5.4 GB/9.3 GB  117 MB/s     33s[K[?25h[?2026l[?2026h[?25l[A[1Gpulling manifest [K
pulling a8cc1361f314:  58% ▕██████████        ▏ 5.4 GB/9.3 GB  117 MB/s     33s[K[?25h[?2026l[?2026h[?25l[A[1Gpulling manifest [K
pulling a8cc1361f314:  58% ▕██████████        ▏ 5.4 GB/9.3 GB  117 MB/s     33s[K[?25h[?2026l[?2026h[?25l[A[1Gpulling manifest [K
pulling a8cc1361f314:  58% ▕██████████        ▏ 5.4 GB/9.3 GB  117 MB/s     32s[K[?25h[?2026l[?2026h[?25l[A[1Gpulling manifest [K
pulling a8cc1361f314:  58% ▕██████████        ▏ 5.4 GB/9.3 GB  117 MB/s     32s[K[?25h[?2026l[?2026h[?25l[A[1Gpulling manifest [K
pulling a8cc1361f314:  59% ▕██████████        ▏ 5.4 GB/9.3 GB  117 MB/s     32s[K[?25h[?2026l[?2026h[?25l[A[1Gpulling manifest [K
pulling a8cc1361f314:  59% ▕██████████        ▏ 5.4 GB/9.3 GB  117 MB/s     32s[K[?25h[?2026l[?2026h[?25l[A[1Gpulling manifest [K
pulling a8cc1361f314:  59% ▕██████████        ▏ 5.5 GB/9.3 GB  117 MB/s     32s[K[?25h[?2026l[?2026h[?25l[A[1Gpulling manifest [K
pulling a8cc1361f314:  59% ▕██████████        ▏ 5.5 GB/9.3 GB  117 MB/s     32s[K[?25h[?2026l[?2026h[?25l[A[1Gpulling manifest [K
pulling a8cc1361f314:  59% ▕██████████        ▏ 5.5 GB/9.3 GB  117 MB/s     32s[K[?25h[?2026l[?2026h[?25l[A[1Gpulling manifest [K
pulling a8cc1361f314:  59% ▕██████████        ▏ 5.5 GB/9.3 GB  117 MB/s     32s[K[?25h[?2026l[?2026h[?25l[A[1Gpulling manifest [K
pulling a8cc1361f314:  59% ▕██████████        ▏ 5.5 GB/9.3 GB  117 MB/s     32s[K[?25h[?2026l[?2026h[?25l[A[1Gpulling manifest [K
pulling a8cc1361f314:  59% ▕██████████        ▏ 5.5 GB/9.3 GB  117 MB/s     32s[K[?25h[?2026l[?2026h[?25l[A[1Gpulling manifest [K
pulling a8cc1361f314:  60% ▕██████████        ▏ 5.5 GB/9.3 GB  117 MB/s     31s[K[?25h[?2026l[?2026h[?25l[A[1Gpulling manifest [K
pulling a8cc1361f314:  60% ▕██████████        ▏ 5.5 GB/9.3 GB  117 MB/s     31s[K[?25h[?2026l[?2026h[?25l[A[1Gpulling manifest [K
pulling a8cc1361f314:  60% ▕██████████        ▏ 5.6 GB/9.3 GB  117 MB/s     31s[K[?25h[?2026l[?2026h[?25l[A[1Gpulling manifest [K
pulling a8cc1361f314:  60% ▕██████████        ▏ 5.6 GB/9.3 GB  117 MB/s     31s[K[?25h[?2026l[?2026h[?25l[A[1Gpulling manifest [K
pulling a8cc1361f314:  60% ▕██████████        ▏ 5.6 GB/9.3 GB  117 MB/s     31s[K[?25h[?2026l[?2026h[?25l[A[1Gpulling manifest [K
pulling a8cc1361f314:  60% ▕██████████        ▏ 5.6 GB/9.3 GB  117 MB/s     31s[K[?25h[?2026l[?2026h[?25l[A[1Gpulling manifest [K
pulling a8cc1361f314:  60% ▕██████████        ▏ 5.6 GB/9.3 GB  117 MB/s     31s[K[?25h[?2026l[?2026h[?25l[A[1Gpulling manifest [K
pulling a8cc1361f314:  60% ▕██████████        ▏ 5.6 GB/9.3 GB  117 MB/s     31s[K[?25h[?2026l[?2026h[?25l[A[1Gpulling manifest [K
pulling a8cc1361f314:  61% ▕██████████        ▏ 5.6 GB/9.3 GB  117 MB/s     31s[K[?25h[?2026l[?2026h[?25l[A[1Gpulling manifest [K
pulling a8cc1361f314:  61% ▕██████████        ▏ 5.6 GB/9.3 GB  117 MB/s     31s[K[?25h[?2026l[?2026h[?25l[A[1Gpulling manifest [K
pulling a8cc1361f314:  61% ▕██████████        ▏ 5.6 GB/9.3 GB  117 MB/s     30s[K[?25h[?2026l[?2026h[?25l[A[1Gpulling manifest [K
pulling a8cc1361f314:  61% ▕██████████        ▏ 5.7 GB/9.3 GB  117 MB/s     30s[K[?25h[?2026l[?2026h[?25l[A[1Gpulling manifest [K
pulling a8cc1361f314:  61% ▕██████████        ▏ 5.7 GB/9.3 GB  117 MB/s     30s[K[?25h[?2026l[?2026h[?25l[A[1Gpulling manifest [K
pulling a8cc1361f314:  61% ▕███████████       ▏ 5.7 GB/9.3 GB  117 MB/s     30s[K[?25h[?2026l[?2026h[?25l[A[1Gpulling manifest [K
pulling a8cc1361f314:  61% ▕███████████       ▏ 5.7 GB/9.3 GB  117 MB/s     30s[K[?25h[?2026l[?2026h[?25l[A[1Gpulling manifest [K
pulling a8cc1361f314:  61% ▕███████████       ▏ 5.7 GB/9.3 GB  117 MB/s     30s[K[?25h[?2026l[?2026h[?25l[A[1Gpulling manifest [K
pulling a8cc1361f314:  62% ▕███████████       ▏ 5.7 GB/9.3 GB  117 MB/s     30s[K[?25h[?2026l[?2026h[?25l[A[1Gpulling manifest [K
pulling a8cc1361f314:  62% ▕███████████       ▏ 5.7 GB/9.3 GB  117 MB/s     30s[K[?25h[?2026l[?2026h[?25l[A[1Gpulling manifest [K
pulling a8cc1361f314:  62% ▕███████████       ▏ 5.7 GB/9.3 GB  117 MB/s     30s[K[?25h[?2026l[?2026h[?25l[A[1Gpulling manifest [K
pulling a8cc1361f314:  62% ▕███████████       ▏ 5.7 GB/9.3 GB  117 MB/s     29s[K[?25h[?2026l[?2026h[?25l[A[1Gpulling manifest [K
pulling a8cc1361f314:  62% ▕███████████       ▏ 5.8 GB/9.3 GB  117 MB/s     29s[K[?25h[?2026l[?2026h[?25l[A[1Gpulling manifest [K
pulling a8cc1361f314:  62% ▕███████████       ▏ 5.8 GB/9.3 GB  117 MB/s     29s[K[?25h[?2026l[?2026h[?25l[A[1Gpulling manifest [K
pulling a8cc1361f314:  62% ▕███████████       ▏ 5.8 GB/9.3 GB  117 MB/s     29s[K[?25h[?2026l[?2026h[?25l[A[1Gpulling manifest [K
pulling a8cc1361f314:  62% ▕███████████       ▏ 5.8 GB/9.3 GB  117 MB/s     29s[K[?25h[?2026l[?2026h[?25l[A[1Gpulling manifest [K
pulling a8cc1361f314:  63% ▕███████████       ▏ 5.8 GB/9.3 GB  117 MB/s     29s[K[?25h[?2026l[?2026h[?25l[A[1Gpulling manifest [K
pulling a8cc1361f314:  63% ▕███████████       ▏ 5.8 GB/9.3 GB  117 MB/s     29s[K[?25h[?2026l[?2026h[?25l[A[1Gpulling manifest [K
pulling a8cc1361f314:  63% ▕███████████       ▏ 5.8 GB/9.3 GB  117 MB/s     29s[K[?25h[?2026l[?2026h[?25l[A[1Gpulling manifest [K
pulling a8cc1361f314:  63% ▕███████████       ▏ 5.8 GB/9.3 GB  117 MB/s     29s[K[?25h[?2026l[?2026h[?25l[A[1Gpulling manifest [K
pulling a8cc1361f314:  63% ▕███████████       ▏ 5.8 GB/9.3 GB  117 MB/s     29s[K[?25h[?2026l[?2026h[?25l[A[1Gpulling manifest [K
pulling a8cc1361f314:  63% ▕███████████       ▏ 5.9 GB/9.3 GB  117 MB/s     29s[K[?25h[?2026l[?2026h[?25l[A[1Gpulling manifest [K
pulling a8cc1361f314:  63% ▕███████████       ▏ 5.9 GB/9.3 GB  117 MB/s     28s[K[?25h[?2026l[?2026h[?25l[A[1Gpulling manifest [K
pulling a8cc1361f314:  63% ▕███████████       ▏ 5.9 GB/9.3 GB  117 MB/s     28s[K[?25h[?2026l[?2026h[?25l[A[1Gpulling manifest [K
pulling a8cc1361f314:  64% ▕███████████       ▏ 5.9 GB/9.3 GB  117 MB/s     28s[K[?25h[?2026l[?2026h[?25l[A[1Gpulling manifest [K
pulling a8cc1361f314:  64% ▕███████████       ▏ 5.9 GB/9.3 GB  117 MB/s     28s[K[?25h[?2026l[?2026h[?25l[A[1Gpulling manifest [K
pulling a8cc1361f314:  64% ▕███████████       ▏ 5.9 GB/9.3 GB  117 MB/s     28s[K[?25h[?2026l[?2026h[?25l[A[1Gpulling manifest [K
pulling a8cc1361f314:  64% ▕███████████       ▏ 5.9 GB/9.3 GB  117 MB/s     28s[K[?25h[?2026l[?2026h[?25l[A[1Gpulling manifest [K
pulling a8cc1361f314:  64% ▕███████████       ▏ 5.9 GB/9.3 GB  117 MB/s     28s[K[?25h[?2026l[?2026h[?25l[A[1Gpulling manifest [K
pulling a8cc1361f314:  64% ▕███████████       ▏ 6.0 GB/9.3 GB  117 MB/s     28s[K[?25h[?2026l[?2026h[?25l[A[1Gpulling manifest [K
pulling a8cc1361f314:  64% ▕███████████       ▏ 6.0 GB/9.3 GB  117 MB/s     28s[K[?25h[?2026l[?2026h[?25l[A[1Gpulling manifest [K
pulling a8cc1361f314:  64% ▕███████████       ▏ 6.0 GB/9.3 GB  117 MB/s     28s[K[?25h[?2026l[?2026h[?25l[A[1Gpulling manifest [K
pulling a8cc1361f314:  65% ▕███████████       ▏ 6.0 GB/9.3 GB  117 MB/s     27s[K[?25h[?2026l[?2026h[?25l[A[1Gpulling manifest [K
pulling a8cc1361f314:  65% ▕███████████       ▏ 6.0 GB/9.3 GB  117 MB/s     27s[K[?25h[?2026l[?2026h[?25l[A[1Gpulling manifest [K
pulling a8cc1361f314:  65% ▕███████████       ▏ 6.0 GB/9.3 GB  117 MB/s     27s[K[?25h[?2026l[?2026h[?25l[A[1Gpulling manifest [K
pulling a8cc1361f314:  65% ▕███████████       ▏ 6.0 GB/9.3 GB  117 MB/s     27s[K[?25h[?2026l[?2026h[?25l[A[1Gpulling manifest [K
pulling a8cc1361f314:  65% ▕███████████       ▏ 6.0 GB/9.3 GB  117 MB/s     27s[K[?25h[?2026l[?2026h[?25l[A[1Gpulling manifest [K
pulling a8cc1361f314:  65% ▕███████████       ▏ 6.0 GB/9.3 GB  117 MB/s     27s[K[?25h[?2026l[?2026h[?25l[A[1Gpulling manifest [K
pulling a8cc1361f314:  65% ▕███████████       ▏ 6.1 GB/9.3 GB  117 MB/s     27s[K[?25h[?2026l[?2026h[?25l[A[1Gpulling manifest [K
pulling a8cc1361f314:  65% ▕███████████       ▏ 6.1 GB/9.3 GB  117 MB/s     27s[K[?25h[?2026l[?2026h[?25l[A[1Gpulling manifest [K
pulling a8cc1361f314:  66% ▕███████████       ▏ 6.1 GB/9.3 GB  117 MB/s     27s[K[?25h[?2026l[?2026h[?25l[A[1Gpulling manifest [K
pulling a8cc1361f314:  66% ▕███████████       ▏ 6.1 GB/9.3 GB  117 MB/s     27s[K[?25h[?2026l[?2026h[?25l[A[1Gpulling manifest [K
pulling a8cc1361f314:  66% ▕███████████       ▏ 6.1 GB/9.3 GB  117 MB/s     26s[K[?25h[?2026l[?2026h[?25l[A[1Gpulling manifest [K
pulling a8cc1361f314:  66% ▕███████████       ▏ 6.1 GB/9.3 GB  117 MB/s     26s[K[?25h[?2026l[?2026h[?25l[A[1Gpulling manifest [K
pulling a8cc1361f314:  66% ▕███████████       ▏ 6.1 GB/9.3 GB  117 MB/s     26s[K[?25h[?2026l[?2026h[?25l[A[1Gpulling manifest [K
pulling a8cc1361f314:  66% ▕███████████       ▏ 6.1 GB/9.3 GB  117 MB/s     26s[K[?25h[?2026l[?2026h[?25l[A[1Gpulling manifest [K
pulling a8cc1361f314:  66% ▕███████████       ▏ 6.1 GB/9.3 GB  117 MB/s     26s[K[?25h[?2026l[?2026h[?25l[A[1Gpulling manifest [K
pulling a8cc1361f314:  66% ▕███████████       ▏ 6.2 GB/9.3 GB  117 MB/s     26s[K[?25h[?2026l[?2026h[?25l[A[1Gpulling manifest [K
pulling a8cc1361f314:  67% ▕███████████       ▏ 6.2 GB/9.3 GB  117 MB/s     26s[K[?25h[?2026l[?2026h[?25l[A[1Gpulling manifest [K
pulling a8cc1361f314:  67% ▕███████████       ▏ 6.2 GB/9.3 GB  117 MB/s     26s[K[?25h[?2026l[?2026h[?25l[A[1Gpulling manifest [K
pulling a8cc1361f314:  67% ▕████████████      ▏ 6.2 GB/9.3 GB  117 MB/s     26s[K[?25h[?2026l[?2026h[?25l[A[1Gpulling manifest [K
pulling a8cc1361f314:  67% ▕████████████      ▏ 6.2 GB/9.3 GB  117 MB/s     26s[K[?25h[?2026l[?2026h[?25l[A[1Gpulling manifest [K
pulling a8cc1361f314:  67% ▕████████████      ▏ 6.2 GB/9.3 GB  117 MB/s     25s[K[?25h[?2026l[?2026h[?25l[A[1Gpulling manifest [K
pulling a8cc1361f314:  67% ▕████████████      ▏ 6.2 GB/9.3 GB  117 MB/s     25s[K[?25h[?2026l[?2026h[?25l[A[1Gpulling manifest [K
pulling a8cc1361f314:  67% ▕████████████      ▏ 6.2 GB/9.3 GB  117 MB/s     25s[K[?25h[?2026l[?2026h[?25l[A[1Gpulling manifest [K
pulling a8cc1361f314:  67% ▕████████████      ▏ 6.3 GB/9.3 GB  117 MB/s     25s[K[?25h[?2026l[?2026h[?25l[A[1Gpulling manifest [K
pulling a8cc1361f314:  68% ▕████████████      ▏ 6.3 GB/9.3 GB  117 MB/s     25s[K[?25h[?2026l[?2026h[?25l[A[1Gpulling manifest [K
pulling a8cc1361f314:  68% ▕████████████      ▏ 6.3 GB/9.3 GB  117 MB/s     25s[K[?25h[?2026l[?2026h[?25l[A[1Gpulling manifest [K
pulling a8cc1361f314:  68% ▕████████████      ▏ 6.3 GB/9.3 GB  117 MB/s     25s[K[?25h[?2026l[?2026h[?25l[A[1Gpulling manifest [K
pulling a8cc1361f314:  68% ▕████████████      ▏ 6.3 GB/9.3 GB  117 MB/s     25s[K[?25h[?2026l[?2026h[?25l[A[1Gpulling manifest [K
pulling a8cc1361f314:  68% ▕████████████      ▏ 6.3 GB/9.3 GB  117 MB/s     25s[K[?25h[?2026l[?2026h[?25l[A[1Gpulling manifest [K
pulling a8cc1361f314:  68% ▕████████████      ▏ 6.3 GB/9.3 GB  117 MB/s     25s[K[?25h[?2026l[?2026h[?25l[A[1Gpulling manifest [K
pulling a8cc1361f314:  68% ▕████████████      ▏ 6.3 GB/9.3 GB  118 MB/s     24s[K[?25h[?2026l[?2026h[?25l[A[1Gpulling manifest [K
pulling a8cc1361f314:  68% ▕████████████      ▏ 6.3 GB/9.3 GB  118 MB/s     24s[K[?25h[?2026l[?2026h[?25l[A[1Gpulling manifest [K
pulling a8cc1361f314:  69% ▕████████████      ▏ 6.4 GB/9.3 GB  118 MB/s     24s[K[?25h[?2026l[?2026h[?25l[A[1Gpulling manifest [K
pulling a8cc1361f314:  69% ▕████████████      ▏ 6.4 GB/9.3 GB  118 MB/s     24s[K[?25h[?2026l[?2026h[?25l[A[1Gpulling manifest [K
pulling a8cc1361f314:  69% ▕████████████      ▏ 6.4 GB/9.3 GB  118 MB/s     24s[K[?25h[?2026l[?2026h[?25l[A[1Gpulling manifest [K
pulling a8cc1361f314:  69% ▕████████████      ▏ 6.4 GB/9.3 GB  118 MB/s     24s[K[?25h[?2026l[?2026h[?25l[A[1Gpulling manifest [K
pulling a8cc1361f314:  69% ▕████████████      ▏ 6.4 GB/9.3 GB  118 MB/s     24s[K[?25h[?2026l[?2026h[?25l[A[1Gpulling manifest [K
pulling a8cc1361f314:  69% ▕████████████      ▏ 6.4 GB/9.3 GB  118 MB/s     24s[K[?25h[?2026l[?2026h[?25l[A[1Gpulling manifest [K
pulling a8cc1361f314:  69% ▕████████████      ▏ 6.4 GB/9.3 GB  118 MB/s     24s[K[?25h[?2026l[?2026h[?25l[A[1Gpulling manifest [K
pulling a8cc1361f314:  69% ▕████████████      ▏ 6.4 GB/9.3 GB  118 MB/s     24s[K[?25h[?2026l[?2026h[?25l[A[1Gpulling manifest [K
pulling a8cc1361f314:  70% ▕████████████      ▏ 6.5 GB/9.3 GB  118 MB/s     23s[K[?25h[?2026l[?2026h[?25l[A[1Gpulling manifest [K
pulling a8cc1361f314:  70% ▕████████████      ▏ 6.5 GB/9.3 GB  118 MB/s     23s[K[?25h[?2026l[?2026h[?25l[A[1Gpulling manifest [K
pulling a8cc1361f314:  70% ▕████████████      ▏ 6.5 GB/9.3 GB  118 MB/s     23s[K[?25h[?2026l[?2026h[?25l[A[1Gpulling manifest [K
pulling a8cc1361f314:  70% ▕████████████      ▏ 6.5 GB/9.3 GB  118 MB/s     23s[K[?25h[?2026l[?2026h[?25l[A[1Gpulling manifest [K
pulling a8cc1361f314:  70% ▕████████████      ▏ 6.5 GB/9.3 GB  118 MB/s     23s[K[?25h[?2026l[?2026h[?25l[A[1Gpulling manifest [K
pulling a8cc1361f314:  70% ▕████████████      ▏ 6.5 GB/9.3 GB  118 MB/s     23s[K[?25h[?2026l[?2026h[?25l[A[1Gpulling manifest [K
pulling a8cc1361f314:  70% ▕████████████      ▏ 6.5 GB/9.3 GB  118 MB/s     23s[K[?25h[?2026l[?2026h[?25l[A[1Gpulling manifest [K
pulling a8cc1361f314:  70% ▕████████████      ▏ 6.5 GB/9.3 GB  118 MB/s     23s[K[?25h[?2026l[?2026h[?25l[A[1Gpulling manifest [K
pulling a8cc1361f314:  71% ▕████████████      ▏ 6.5 GB/9.3 GB  118 MB/s     23s[K[?25h[?2026l[?2026h[?25l[A[1Gpulling manifest [K
pulling a8cc1361f314:  71% ▕████████████      ▏ 6.6 GB/9.3 GB  118 MB/s     23s[K[?25h[?2026l[?2026h[?25l[A[1Gpulling manifest [K
pulling a8cc1361f314:  71% ▕████████████      ▏ 6.6 GB/9.3 GB  118 MB/s     22s[K[?25h[?2026l[?2026h[?25l[A[1Gpulling manifest [K
pulling a8cc1361f314:  71% ▕████████████      ▏ 6.6 GB/9.3 GB  117 MB/s     22s[K[?25h[?2026l[?2026h[?25l[A[1Gpulling manifest [K
pulling a8cc1361f314:  71% ▕████████████      ▏ 6.6 GB/9.3 GB  117 MB/s     22s[K[?25h[?2026l[?2026h[?25l[A[1Gpulling manifest [K
pulling a8cc1361f314:  71% ▕████████████      ▏ 6.6 GB/9.3 GB  117 MB/s     22s[K[?25h[?2026l[?2026h[?25l[A[1Gpulling manifest [K
pulling a8cc1361f314:  71% ▕████████████      ▏ 6.6 GB/9.3 GB  117 MB/s     22s[K[?25h[?2026l[?2026h[?25l[A[1Gpulling manifest [K
pulling a8cc1361f314:  71% ▕████████████      ▏ 6.6 GB/9.3 GB  117 MB/s     22s[K[?25h[?2026l[?2026h[?25l[A[1Gpulling manifest [K
pulling a8cc1361f314:  71% ▕████████████      ▏ 6.6 GB/9.3 GB  117 MB/s     22s[K[?25h[?2026l[?2026h[?25l[A[1Gpulling manifest [K
pulling a8cc1361f314:  72% ▕████████████      ▏ 6.6 GB/9.3 GB  117 MB/s     22s[K[?25h[?2026l[?2026h[?25l[A[1Gpulling manifest [K
pulling a8cc1361f314:  72% ▕████████████      ▏ 6.7 GB/9.3 GB  117 MB/s     22s[K[?25h[?2026l[?2026h[?25l[A[1Gpulling manifest [K
pulling a8cc1361f314:  72% ▕████████████      ▏ 6.7 GB/9.3 GB  117 MB/s     22s[K[?25h[?2026l[?2026h[?25l[A[1Gpulling manifest [K
pulling a8cc1361f314:  72% ▕████████████      ▏ 6.7 GB/9.3 GB  117 MB/s     22s[K[?25h[?2026l[?2026h[?25l[A[1Gpulling manifest [K
pulling a8cc1361f314:  72% ▕████████████      ▏ 6.7 GB/9.3 GB  117 MB/s     22s[K[?25h[?2026l[?2026h[?25l[A[1Gpulling manifest [K
pulling a8cc1361f314:  72% ▕████████████      ▏ 6.7 GB/9.3 GB  117 MB/s     21s[K[?25h[?2026l[?2026h[?25l[A[1Gpulling manifest [K
pulling a8cc1361f314:  72% ▕█████████████     ▏ 6.7 GB/9.3 GB  117 MB/s     21s[K[?25h[?2026l[?2026h[?25l[A[1Gpulling manifest [K
pulling a8cc1361f314:  72% ▕█████████████     ▏ 6.7 GB/9.3 GB  117 MB/s     21s[K[?25h[?2026l[?2026h[?25l[A[1Gpulling manifest [K
pulling a8cc1361f314:  73% ▕█████████████     ▏ 6.7 GB/9.3 GB  117 MB/s     21s[K[?25h[?2026l[?2026h[?25l[A[1Gpulling manifest [K
pulling a8cc1361f314:  73% ▕█████████████     ▏ 6.7 GB/9.3 GB  117 MB/s     21s[K[?25h[?2026l[?2026h[?25l[A[1Gpulling manifest [K
pulling a8cc1361f314:  73% ▕█████████████     ▏ 6.8 GB/9.3 GB  117 MB/s     21s[K[?25h[?2026l[?2026h[?25l[A[1Gpulling manifest [K
pulling a8cc1361f314:  73% ▕█████████████     ▏ 6.8 GB/9.3 GB  117 MB/s     21s[K[?25h[?2026l[?2026h[?25l[A[1Gpulling manifest [K
pulling a8cc1361f314:  73% ▕█████████████     ▏ 6.8 GB/9.3 GB  117 MB/s     21s[K[?25h[?2026l[?2026h[?25l[A[1Gpulling manifest [K
pulling a8cc1361f314:  73% ▕█████████████     ▏ 6.8 GB/9.3 GB  117 MB/s     21s[K[?25h[?2026l[?2026h[?25l[A[1Gpulling manifest [K
pulling a8cc1361f314:  73% ▕█████████████     ▏ 6.8 GB/9.3 GB  117 MB/s     21s[K[?25h[?2026l[?2026h[?25l[A[1Gpulling manifest [K
pulling a8cc1361f314:  73% ▕█████████████     ▏ 6.8 GB/9.3 GB  117 MB/s     20s[K[?25h[?2026l[?2026h[?25l[A[1Gpulling manifest [K
pulling a8cc1361f314:  74% ▕█████████████     ▏ 6.8 GB/9.3 GB  117 MB/s     20s[K[?25h[?2026l[?2026h[?25l[A[1Gpulling manifest [K
pulling a8cc1361f314:  74% ▕█████████████     ▏ 6.8 GB/9.3 GB  117 MB/s     20s[K[?25h[?2026l[?2026h[?25l[A[1Gpulling manifest [K
pulling a8cc1361f314:  74% ▕█████████████     ▏ 6.9 GB/9.3 GB  117 MB/s     20s[K[?25h[?2026l[?2026h[?25l[A[1Gpulling manifest [K
pulling a8cc1361f314:  74% ▕█████████████     ▏ 6.9 GB/9.3 GB  117 MB/s     20s[K[?25h[?2026l[?2026h[?25l[A[1Gpulling manifest [K
pulling a8cc1361f314:  74% ▕█████████████     ▏ 6.9 GB/9.3 GB  117 MB/s     20s[K[?25h[?2026l[?2026h[?25l[A[1Gpulling manifest [K
pulling a8cc1361f314:  74% ▕█████████████     ▏ 6.9 GB/9.3 GB  117 MB/s     20s[K[?25h[?2026l[?2026h[?25l[A[1Gpulling manifest [K
pulling a8cc1361f314:  74% ▕█████████████     ▏ 6.9 GB/9.3 GB  117 MB/s     20s[K[?25h[?2026l[?2026h[?25l[A[1Gpulling manifest [K
pulling a8cc1361f314:  74% ▕█████████████     ▏ 6.9 GB/9.3 GB  117 MB/s     20s[K[?25h[?2026l[?2026h[?25l[A[1Gpulling manifest [K
pulling a8cc1361f314:  75% ▕█████████████     ▏ 6.9 GB/9.3 GB  117 MB/s     20s[K[?25h[?2026l[?2026h[?25l[A[1Gpulling manifest [K
pulling a8cc1361f314:  75% ▕█████████████     ▏ 6.9 GB/9.3 GB  117 MB/s     19s[K[?25h[?2026l[?2026h[?25l[A[1Gpulling manifest [K
pulling a8cc1361f314:  75% ▕█████████████     ▏ 6.9 GB/9.3 GB  117 MB/s     19s[K[?25h[?2026l[?2026h[?25l[A[1Gpulling manifest [K
pulling a8cc1361f314:  75% ▕█████████████     ▏ 7.0 GB/9.3 GB  117 MB/s     19s[K[?25h[?2026l[?2026h[?25l[A[1Gpulling manifest [K
pulling a8cc1361f314:  75% ▕█████████████     ▏ 7.0 GB/9.3 GB  117 MB/s     19s[K[?25h[?2026l[?2026h[?25l[A[1Gpulling manifest [K
pulling a8cc1361f314:  75% ▕█████████████     ▏ 7.0 GB/9.3 GB  117 MB/s     19s[K[?25h[?2026l[?2026h[?25l[A[1Gpulling manifest [K
pulling a8cc1361f314:  75% ▕█████████████     ▏ 7.0 GB/9.3 GB  117 MB/s     19s[K[?25h[?2026l[?2026h[?25l[A[1Gpulling manifest [K
pulling a8cc1361f314:  75% ▕█████████████     ▏ 7.0 GB/9.3 GB  117 MB/s     19s[K[?25h[?2026l[?2026h[?25l[A[1Gpulling manifest [K
pulling a8cc1361f314:  76% ▕█████████████     ▏ 7.0 GB/9.3 GB  117 MB/s     19s[K[?25h[?2026l[?2026h[?25l[A[1Gpulling manifest [K
pulling a8cc1361f314:  76% ▕█████████████     ▏ 7.0 GB/9.3 GB  117 MB/s     19s[K[?25h[?2026l[?2026h[?25l[A[1Gpulling manifest [K
pulling a8cc1361f314:  76% ▕█████████████     ▏ 7.0 GB/9.3 GB  117 MB/s     19s[K[?25h[?2026l[?2026h[?25l[A[1Gpulling manifest [K
pulling a8cc1361f314:  76% ▕█████████████     ▏ 7.0 GB/9.3 GB  117 MB/s     19s[K[?25h[?2026l[?2026h[?25l[A[1Gpulling manifest [K
pulling a8cc1361f314:  76% ▕█████████████     ▏ 7.1 GB/9.3 GB  117 MB/s     18s[K[?25h[?2026l[?2026h[?25l[A[1Gpulling manifest [K
pulling a8cc1361f314:  76% ▕█████████████     ▏ 7.1 GB/9.3 GB  117 MB/s     18s[K[?25h[?2026l[?2026h[?25l[A[1Gpulling manifest [K
pulling a8cc1361f314:  76% ▕█████████████     ▏ 7.1 GB/9.3 GB  117 MB/s     18s[K[?25h[?2026l[?2026h[?25l[A[1Gpulling manifest [K
pulling a8cc1361f314:  76% ▕█████████████     ▏ 7.1 GB/9.3 GB  117 MB/s     18s[K[?25h[?2026l[?2026h[?25l[A[1Gpulling manifest [K
pulling a8cc1361f314:  77% ▕█████████████     ▏ 7.1 GB/9.3 GB  117 MB/s     18s[K[?25h[?2026l[?2026h[?25l[A[1Gpulling manifest [K
pulling a8cc1361f314:  77% ▕█████████████     ▏ 7.1 GB/9.3 GB  117 MB/s     18s[K[?25h[?2026l[?2026h[?25l[A[1Gpulling manifest [K
pulling a8cc1361f314:  77% ▕█████████████     ▏ 7.1 GB/9.3 GB  117 MB/s     18s[K[?25h[?2026l[?2026h[?25l[A[1Gpulling manifest [K
pulling a8cc1361f314:  77% ▕█████████████     ▏ 7.1 GB/9.3 GB  117 MB/s     18s[K[?25h[?2026l[?2026h[?25l[A[1Gpulling manifest [K
pulling a8cc1361f314:  77% ▕█████████████     ▏ 7.1 GB/9.3 GB  117 MB/s     18s[K[?25h[?2026l[?2026h[?25l[A[1Gpulling manifest [K
pulling a8cc1361f314:  77% ▕█████████████     ▏ 7.2 GB/9.3 GB  116 MB/s     18s[K[?25h[?2026l[?2026h[?25l[A[1Gpulling manifest [K
pulling a8cc1361f314:  77% ▕█████████████     ▏ 7.2 GB/9.3 GB  116 MB/s     18s[K[?25h[?2026l[?2026h[?25l[A[1Gpulling manifest [K
pulling a8cc1361f314:  77% ▕█████████████     ▏ 7.2 GB/9.3 GB  116 MB/s     18s[K[?25h[?2026l[?2026h[?25l[A[1Gpulling manifest [K
pulling a8cc1361f314:  77% ▕█████████████     ▏ 7.2 GB/9.3 GB  116 MB/s     17s[K[?25h[?2026l[?2026h[?25l[A[1Gpulling manifest [K
pulling a8cc1361f314:  78% ▕█████████████     ▏ 7.2 GB/9.3 GB  116 MB/s     17s[K[?25h[?2026l[?2026h[?25l[A[1Gpulling manifest [K
pulling a8cc1361f314:  78% ▕█████████████     ▏ 7.2 GB/9.3 GB  116 MB/s     17s[K[?25h[?2026l[?2026h[?25l[A[1Gpulling manifest [K
pulling a8cc1361f314:  78% ▕██████████████    ▏ 7.2 GB/9.3 GB  116 MB/s     17s[K[?25h[?2026l[?2026h[?25l[A[1Gpulling manifest [K
pulling a8cc1361f314:  78% ▕██████████████    ▏ 7.2 GB/9.3 GB  116 MB/s     17s[K[?25h[?2026l[?2026h[?25l[A[1Gpulling manifest [K
pulling a8cc1361f314:  78% ▕██████████████    ▏ 7.2 GB/9.3 GB  116 MB/s     17s[K[?25h[?2026l[?2026h[?25l[A[1Gpulling manifest [K
pulling a8cc1361f314:  78% ▕██████████████    ▏ 7.3 GB/9.3 GB  116 MB/s     17s[K[?25h[?2026l[?2026h[?25l[A[1Gpulling manifest [K
pulling a8cc1361f314:  78% ▕██████████████    ▏ 7.3 GB/9.3 GB  115 MB/s     17s[K[?25h[?2026l[?2026h[?25l[A[1Gpulling manifest [K
pulling a8cc1361f314:  78% ▕██████████████    ▏ 7.3 GB/9.3 GB  115 MB/s     17s[K[?25h[?2026l[?2026h[?25l[A[1Gpulling manifest [K
pulling a8cc1361f314:  79% ▕██████████████    ▏ 7.3 GB/9.3 GB  115 MB/s     17s[K[?25h[?2026l[?2026h[?25l[A[1Gpulling manifest [K
pulling a8cc1361f314:  79% ▕██████████████    ▏ 7.3 GB/9.3 GB  115 MB/s     17s[K[?25h[?2026l[?2026h[?25l[A[1Gpulling manifest [K
pulling a8cc1361f314:  79% ▕██████████████    ▏ 7.3 GB/9.3 GB  115 MB/s     16s[K[?25h[?2026l[?2026h[?25l[A[1Gpulling manifest [K
pulling a8cc1361f314:  79% ▕██████████████    ▏ 7.3 GB/9.3 GB  115 MB/s     16s[K[?25h[?2026l[?2026h[?25l[A[1Gpulling manifest [K
pulling a8cc1361f314:  79% ▕██████████████    ▏ 7.3 GB/9.3 GB  115 MB/s     16s[K[?25h[?2026l[?2026h[?25l[A[1Gpulling manifest [K
pulling a8cc1361f314:  79% ▕██████████████    ▏ 7.3 GB/9.3 GB  115 MB/s     16s[K[?25h[?2026l[?2026h[?25l[A[1Gpulling manifest [K
pulling a8cc1361f314:  79% ▕██████████████    ▏ 7.4 GB/9.3 GB  115 MB/s     16s[K[?25h[?2026l[?2026h[?25l[A[1Gpulling manifest [K
pulling a8cc1361f314:  79% ▕██████████████    ▏ 7.4 GB/9.3 GB  115 MB/s     16s[K[?25h[?2026l[?2026h[?25l[A[1Gpulling manifest [K
pulling a8cc1361f314:  79% ▕██████████████    ▏ 7.4 GB/9.3 GB  115 MB/s     16s[K[?25h[?2026l[?2026h[?25l[A[1Gpulling manifest [K
pulling a8cc1361f314:  80% ▕██████████████    ▏ 7.4 GB/9.3 GB  115 MB/s     16s[K[?25h[?2026l[?2026h[?25l[A[1Gpulling manifest [K
pulling a8cc1361f314:  80% ▕██████████████    ▏ 7.4 GB/9.3 GB  115 MB/s     16s[K[?25h[?2026l[?2026h[?25l[A[1Gpulling manifest [K
pulling a8cc1361f314:  80% ▕██████████████    ▏ 7.4 GB/9.3 GB  115 MB/s     16s[K[?25h[?2026l[?2026h[?25l[A[1Gpulling manifest [K
pulling a8cc1361f314:  80% ▕██████████████    ▏ 7.4 GB/9.3 GB  115 MB/s     16s[K[?25h[?2026l[?2026h[?25l[A[1Gpulling manifest [K
pulling a8cc1361f314:  80% ▕██████████████    ▏ 7.4 GB/9.3 GB  115 MB/s     16s[K[?25h[?2026l[?2026h[?25l[A[1Gpulling manifest [K
pulling a8cc1361f314:  80% ▕██████████████    ▏ 7.4 GB/9.3 GB  115 MB/s     15s[K[?25h[?2026l[?2026h[?25l[A[1Gpulling manifest [K
pulling a8cc1361f314:  80% ▕██████████████    ▏ 7.5 GB/9.3 GB  115 MB/s     15s[K[?25h[?2026l[?2026h[?25l[A[1Gpulling manifest [K
pulling a8cc1361f314:  80% ▕██████████████    ▏ 7.5 GB/9.3 GB  115 MB/s     15s[K[?25h[?2026l[?2026h[?25l[A[1Gpulling manifest [K
pulling a8cc1361f314:  81% ▕██████████████    ▏ 7.5 GB/9.3 GB  115 MB/s     15s[K[?25h[?2026l[?2026h[?25l[A[1Gpulling manifest [K
pulling a8cc1361f314:  81% ▕██████████████    ▏ 7.5 GB/9.3 GB  114 MB/s     15s[K[?25h[?2026l[?2026h[?25l[A[1Gpulling manifest [K
pulling a8cc1361f314:  81% ▕██████████████    ▏ 7.5 GB/9.3 GB  114 MB/s     15s[K[?25h[?2026l[?2026h[?25l[A[1Gpulling manifest [K
pulling a8cc1361f314:  81% ▕██████████████    ▏ 7.5 GB/9.3 GB  114 MB/s     15s[K[?25h[?2026l[?2026h[?25l[A[1Gpulling manifest [K
pulling a8cc1361f314:  81% ▕██████████████    ▏ 7.5 GB/9.3 GB  114 MB/s     15s[K[?25h[?2026l[?2026h[?25l[A[1Gpulling manifest [K
pulling a8cc1361f314:  81% ▕██████████████    ▏ 7.5 GB/9.3 GB  114 MB/s     15s[K[?25h[?2026l[?2026h[?25l[A[1Gpulling manifest [K
pulling a8cc1361f314:  81% ▕██████████████    ▏ 7.5 GB/9.3 GB  114 MB/s     15s[K[?25h[?2026l[?2026h[?25l[A[1Gpulling manifest [K
pulling a8cc1361f314:  81% ▕██████████████    ▏ 7.5 GB/9.3 GB  114 MB/s     15s[K[?25h[?2026l[?2026h[?25l[A[1Gpulling manifest [K
pulling a8cc1361f314:  82% ▕██████████████    ▏ 7.6 GB/9.3 GB  114 MB/s     14s[K[?25h[?2026l[?2026h[?25l[A[1Gpulling manifest [K
pulling a8cc1361f314:  82% ▕██████████████    ▏ 7.6 GB/9.3 GB  114 MB/s     14s[K[?25h[?2026l[?2026h[?25l[A[1Gpulling manifest [K
pulling a8cc1361f314:  82% ▕██████████████    ▏ 7.6 GB/9.3 GB  114 MB/s     14s[K[?25h[?2026l[?2026h[?25l[A[1Gpulling manifest [K
pulling a8cc1361f314:  82% ▕██████████████    ▏ 7.6 GB/9.3 GB  114 MB/s     14s[K[?25h[?2026l[?2026h[?25l[A[1Gpulling manifest [K
pulling a8cc1361f314:  82% ▕██████████████    ▏ 7.6 GB/9.3 GB  114 MB/s     14s[K[?25h[?2026l[?2026h[?25l[A[1Gpulling manifest [K
pulling a8cc1361f314:  82% ▕██████████████    ▏ 7.6 GB/9.3 GB  114 MB/s     14s[K[?25h[?2026l[?2026h[?25l[A[1Gpulling manifest [K
pulling a8cc1361f314:  82% ▕██████████████    ▏ 7.6 GB/9.3 GB  114 MB/s     14s[K[?25h[?2026l[?2026h[?25l[A[1Gpulling manifest [K
pulling a8cc1361f314:  82% ▕██████████████    ▏ 7.6 GB/9.3 GB  114 MB/s     14s[K[?25h[?2026l[?2026h[?25l[A[1Gpulling manifest [K
pulling a8cc1361f314:  82% ▕██████████████    ▏ 7.6 GB/9.3 GB  114 MB/s     14s[K[?25h[?2026l[?2026h[?25l[A[1Gpulling manifest [K
pulling a8cc1361f314:  83% ▕██████████████    ▏ 7.7 GB/9.3 GB  114 MB/s     14s[K[?25h[?2026l[?2026h[?25l[A[1Gpulling manifest [K
pulling a8cc1361f314:  83% ▕██████████████    ▏ 7.7 GB/9.3 GB  114 MB/s     14s[K[?25h[?2026l[?2026h[?25l[A[1Gpulling manifest [K
pulling a8cc1361f314:  83% ▕██████████████    ▏ 7.7 GB/9.3 GB  114 MB/s     13s[K[?25h[?2026l[?2026h[?25l[A[1Gpulling manifest [K
pulling a8cc1361f314:  83% ▕██████████████    ▏ 7.7 GB/9.3 GB  114 MB/s     13s[K[?25h[?2026l[?2026h[?25l[A[1Gpulling manifest [K
pulling a8cc1361f314:  83% ▕██████████████    ▏ 7.7 GB/9.3 GB  114 MB/s     13s[K[?25h[?2026l[?2026h[?25l[A[1Gpulling manifest [K
pulling a8cc1361f314:  83% ▕██████████████    ▏ 7.7 GB/9.3 GB  113 MB/s     13s[K[?25h[?2026l[?2026h[?25l[A[1Gpulling manifest [K
pulling a8cc1361f314:  83% ▕██████████████    ▏ 7.7 GB/9.3 GB  113 MB/s     13s[K[?25h[?2026l[?2026h[?25l[A[1Gpulling manifest [K
pulling a8cc1361f314:  83% ▕███████████████   ▏ 7.7 GB/9.3 GB  113 MB/s     13s[K[?25h[?2026l[?2026h[?25l[A[1Gpulling manifest [K
pulling a8cc1361f314:  84% ▕███████████████   ▏ 7.7 GB/9.3 GB  113 MB/s     13s[K[?25h[?2026l[?2026h[?25l[A[1Gpulling manifest [K
pulling a8cc1361f314:  84% ▕███████████████   ▏ 7.8 GB/9.3 GB  113 MB/s     13s[K[?25h[?2026l[?2026h[?25l[A[1Gpulling manifest [K
pulling a8cc1361f314:  84% ▕███████████████   ▏ 7.8 GB/9.3 GB  113 MB/s     13s[K[?25h[?2026l[?2026h[?25l[A[1Gpulling manifest [K
pulling a8cc1361f314:  84% ▕███████████████   ▏ 7.8 GB/9.3 GB  113 MB/s     13s[K[?25h[?2026l[?2026h[?25l[A[1Gpulling manifest [K
pulling a8cc1361f314:  84% ▕███████████████   ▏ 7.8 GB/9.3 GB  113 MB/s     13s[K[?25h[?2026l[?2026h[?25l[A[1Gpulling manifest [K
pulling a8cc1361f314:  84% ▕███████████████   ▏ 7.8 GB/9.3 GB  113 MB/s     12s[K[?25h[?2026l[?2026h[?25l[A[1Gpulling manifest [K
pulling a8cc1361f314:  84% ▕███████████████   ▏ 7.8 GB/9.3 GB  113 MB/s     12s[K[?25h[?2026l[?2026h[?25l[A[1Gpulling manifest [K
pulling a8cc1361f314:  84% ▕███████████████   ▏ 7.8 GB/9.3 GB  113 MB/s     12s[K[?25h[?2026l[?2026h[?25l[A[1Gpulling manifest [K
pulling a8cc1361f314:  84% ▕███████████████   ▏ 7.8 GB/9.3 GB  113 MB/s     12s[K[?25h[?2026l[?2026h[?25l[A[1Gpulling manifest [K
pulling a8cc1361f314:  85% ▕███████████████   ▏ 7.9 GB/9.3 GB  113 MB/s     12s[K[?25h[?2026l[?2026h[?25l[A[1Gpulling manifest [K
pulling a8cc1361f314:  85% ▕███████████████   ▏ 7.9 GB/9.3 GB  113 MB/s     12s[K[?25h[?2026l[?2026h[?25l[A[1Gpulling manifest [K
pulling a8cc1361f314:  85% ▕███████████████   ▏ 7.9 GB/9.3 GB  113 MB/s     12s[K[?25h[?2026l[?2026h[?25l[A[1Gpulling manifest [K
pulling a8cc1361f314:  85% ▕███████████████   ▏ 7.9 GB/9.3 GB  113 MB/s     12s[K[?25h[?2026l[?2026h[?25l[A[1Gpulling manifest [K
pulling a8cc1361f314:  85% ▕███████████████   ▏ 7.9 GB/9.3 GB  113 MB/s     12s[K[?25h[?2026l[?2026h[?25l[A[1Gpulling manifest [K
pulling a8cc1361f314:  85% ▕███████████████   ▏ 7.9 GB/9.3 GB  113 MB/s     12s[K[?25h[?2026l[?2026h[?25l[A[1Gpulling manifest [K
pulling a8cc1361f314:  85% ▕███████████████   ▏ 7.9 GB/9.3 GB  113 MB/s     11s[K[?25h[?2026l[?2026h[?25l[A[1Gpulling manifest [K
pulling a8cc1361f314:  86% ▕███████████████   ▏ 7.9 GB/9.3 GB  113 MB/s     11s[K[?25h[?2026l[?2026h[?25l[A[1Gpulling manifest [K
pulling a8cc1361f314:  86% ▕███████████████   ▏ 7.9 GB/9.3 GB  113 MB/s     11s[K[?25h[?2026l[?2026h[?25l[A[1Gpulling manifest [K
pulling a8cc1361f314:  86% ▕███████████████   ▏ 8.0 GB/9.3 GB  113 MB/s     11s[K[?25h[?2026l[?2026h[?25l[A[1Gpulling manifest [K
pulling a8cc1361f314:  86% ▕███████████████   ▏ 8.0 GB/9.3 GB  113 MB/s     11s[K[?25h[?2026l[?2026h[?25l[A[1Gpulling manifest [K
pulling a8cc1361f314:  86% ▕███████████████   ▏ 8.0 GB/9.3 GB  113 MB/s     11s[K[?25h[?2026l[?2026h[?25l[A[1Gpulling manifest [K
pulling a8cc1361f314:  86% ▕███████████████   ▏ 8.0 GB/9.3 GB  113 MB/s     11s[K[?25h[?2026l[?2026h[?25l[A[1Gpulling manifest [K
pulling a8cc1361f314:  86% ▕███████████████   ▏ 8.0 GB/9.3 GB  113 MB/s     11s[K[?25h[?2026l[?2026h[?25l[A[1Gpulling manifest [K
pulling a8cc1361f314:  86% ▕███████████████   ▏ 8.0 GB/9.3 GB  113 MB/s     11s[K[?25h[?2026l[?2026h[?25l[A[1Gpulling manifest [K
pulling a8cc1361f314:  87% ▕███████████████   ▏ 8.0 GB/9.3 GB  113 MB/s     11s[K[?25h[?2026l[?2026h[?25l[A[1Gpulling manifest [K
pulling a8cc1361f314:  87% ▕███████████████   ▏ 8.0 GB/9.3 GB  113 MB/s     10s[K[?25h[?2026l[?2026h[?25l[A[1Gpulling manifest [K
pulling a8cc1361f314:  87% ▕███████████████   ▏ 8.0 GB/9.3 GB  113 MB/s     10s[K[?25h[?2026l[?2026h[?25l[A[1Gpulling manifest [K
pulling a8cc1361f314:  87% ▕███████████████   ▏ 8.1 GB/9.3 GB  113 MB/s     10s[K[?25h[?2026l[?2026h[?25l[A[1Gpulling manifest [K
pulling a8cc1361f314:  87% ▕███████████████   ▏ 8.1 GB/9.3 GB  113 MB/s     10s[K[?25h[?2026l[?2026h[?25l[A[1Gpulling manifest [K
pulling a8cc1361f314:  87% ▕███████████████   ▏ 8.1 GB/9.3 GB  113 MB/s     10s[K[?25h[?2026l[?2026h[?25l[A[1Gpulling manifest [K
pulling a8cc1361f314:  87% ▕███████████████   ▏ 8.1 GB/9.3 GB  113 MB/s     10s[K[?25h[?2026l[?2026h[?25l[A[1Gpulling manifest [K
pulling a8cc1361f314:  87% ▕███████████████   ▏ 8.1 GB/9.3 GB  113 MB/s     10s[K[?25h[?2026l[?2026h[?25l[A[1Gpulling manifest [K
pulling a8cc1361f314:  87% ▕███████████████   ▏ 8.1 GB/9.3 GB  113 MB/s     10s[K[?25h[?2026l[?2026h[?25l[A[1Gpulling manifest [K
pulling a8cc1361f314:  88% ▕███████████████   ▏ 8.1 GB/9.3 GB  113 MB/s     10s[K[?25h[?2026l[?2026h[?25l[A[1Gpulling manifest [K
pulling a8cc1361f314:  88% ▕███████████████   ▏ 8.1 GB/9.3 GB  113 MB/s      9s[K[?25h[?2026l[?2026h[?25l[A[1Gpulling manifest [K
pulling a8cc1361f314:  88% ▕███████████████   ▏ 8.1 GB/9.3 GB  113 MB/s      9s[K[?25h[?2026l[?2026h[?25l[A[1Gpulling manifest [K
pulling a8cc1361f314:  88% ▕███████████████   ▏ 8.2 GB/9.3 GB  113 MB/s      9s[K[?25h[?2026l[?2026h[?25l[A[1Gpulling manifest [K
pulling a8cc1361f314:  88% ▕███████████████   ▏ 8.2 GB/9.3 GB  114 MB/s      9s[K[?25h[?2026l[?2026h[?25l[A[1Gpulling manifest [K
pulling a8cc1361f314:  88% ▕███████████████   ▏ 8.2 GB/9.3 GB  114 MB/s      9s[K[?25h[?2026l[?2026h[?25l[A[1Gpulling manifest [K
pulling a8cc1361f314:  88% ▕███████████████   ▏ 8.2 GB/9.3 GB  114 MB/s      9s[K[?25h[?2026l[?2026h[?25l[A[1Gpulling manifest [K
pulling a8cc1361f314:  89% ▕███████████████   ▏ 8.2 GB/9.3 GB  114 MB/s      9s[K[?25h[?2026l[?2026h[?25l[A[1Gpulling manifest [K
pulling a8cc1361f314:  89% ▕███████████████   ▏ 8.2 GB/9.3 GB  114 MB/s      9s[K[?25h[?2026l[?2026h[?25l[A[1Gpulling manifest [K
pulling a8cc1361f314:  89% ▕███████████████   ▏ 8.2 GB/9.3 GB  114 MB/s      9s[K[?25h[?2026l[?2026h[?25l[A[1Gpulling manifest [K
pulling a8cc1361f314:  89% ▕███████████████   ▏ 8.2 GB/9.3 GB  114 MB/s      9s[K[?25h[?2026l[?2026h[?25l[A[1Gpulling manifest [K
pulling a8cc1361f314:  89% ▕████████████████  ▏ 8.3 GB/9.3 GB  114 MB/s      8s[K[?25h[?2026l[?2026h[?25l[A[1Gpulling manifest [K
pulling a8cc1361f314:  89% ▕████████████████  ▏ 8.3 GB/9.3 GB  114 MB/s      8s[K[?25h[?2026l[?2026h[?25l[A[1Gpulling manifest [K
pulling a8cc1361f314:  89% ▕████████████████  ▏ 8.3 GB/9.3 GB  114 MB/s      8s[K[?25h[?2026l[?2026h[?25l[A[1Gpulling manifest [K
pulling a8cc1361f314:  89% ▕████████████████  ▏ 8.3 GB/9.3 GB  114 MB/s      8s[K[?25h[?2026l[?2026h[?25l[A[1Gpulling manifest [K
pulling a8cc1361f314:  89% ▕████████████████  ▏ 8.3 GB/9.3 GB  114 MB/s      8s[K[?25h[?2026l[?2026h[?25l[A[1Gpulling manifest [K
pulling a8cc1361f314:  90% ▕████████████████  ▏ 8.3 GB/9.3 GB  114 MB/s      8s[K[?25h[?2026l[?2026h[?25l[A[1Gpulling manifest [K
pulling a8cc1361f314:  90% ▕████████████████  ▏ 8.3 GB/9.3 GB  114 MB/s      8s[K[?25h[?2026l[?2026h[?25l[A[1Gpulling manifest [K
pulling a8cc1361f314:  90% ▕████████████████  ▏ 8.3 GB/9.3 GB  114 MB/s      8s[K[?25h[?2026l[?2026h[?25l[A[1Gpulling manifest [K
pulling a8cc1361f314:  90% ▕████████████████  ▏ 8.3 GB/9.3 GB  114 MB/s      8s[K[?25h[?2026l[?2026h[?25l[A[1Gpulling manifest [K
pulling a8cc1361f314:  90% ▕████████████████  ▏ 8.4 GB/9.3 GB  114 MB/s      8s[K[?25h[?2026l[?2026h[?25l[A[1Gpulling manifest [K
pulling a8cc1361f314:  90% ▕████████████████  ▏ 8.4 GB/9.3 GB  114 MB/s      7s[K[?25h[?2026l[?2026h[?25l[A[1Gpulling manifest [K
pulling a8cc1361f314:  90% ▕████████████████  ▏ 8.4 GB/9.3 GB  114 MB/s      7s[K[?25h[?2026l[?2026h[?25l[A[1Gpulling manifest [K
pulling a8cc1361f314:  90% ▕████████████████  ▏ 8.4 GB/9.3 GB  114 MB/s      7s[K[?25h[?2026l[?2026h[?25l[A[1Gpulling manifest [K
pulling a8cc1361f314:  91% ▕████████████████  ▏ 8.4 GB/9.3 GB  114 MB/s      7s[K[?25h[?2026l[?2026h[?25l[A[1Gpulling manifest [K
pulling a8cc1361f314:  91% ▕████████████████  ▏ 8.4 GB/9.3 GB  115 MB/s      7s[K[?25h[?2026l[?2026h[?25l[A[1Gpulling manifest [K
pulling a8cc1361f314:  91% ▕████████████████  ▏ 8.4 GB/9.3 GB  115 MB/s      7s[K[?25h[?2026l[?2026h[?25l[A[1Gpulling manifest [K
pulling a8cc1361f314:  91% ▕████████████████  ▏ 8.4 GB/9.3 GB  115 MB/s      7s[K[?25h[?2026l[?2026h[?25l[A[1Gpulling manifest [K
pulling a8cc1361f314:  91% ▕████████████████  ▏ 8.5 GB/9.3 GB  115 MB/s      7s[K[?25h[?2026l[?2026h[?25l[A[1Gpulling manifest [K
pulling a8cc1361f314:  91% ▕████████████████  ▏ 8.5 GB/9.3 GB  115 MB/s      7s[K[?25h[?2026l[?2026h[?25l[A[1Gpulling manifest [K
pulling a8cc1361f314:  91% ▕████████████████  ▏ 8.5 GB/9.3 GB  115 MB/s      6s[K[?25h[?2026l[?2026h[?25l[A[1Gpulling manifest [K
pulling a8cc1361f314:  91% ▕████████████████  ▏ 8.5 GB/9.3 GB  115 MB/s      6s[K[?25h[?2026l[?2026h[?25l[A[1Gpulling manifest [K
pulling a8cc1361f314:  92% ▕████████████████  ▏ 8.5 GB/9.3 GB  115 MB/s      6s[K[?25h[?2026l[?2026h[?25l[A[1Gpulling manifest [K
pulling a8cc1361f314:  92% ▕████████████████  ▏ 8.5 GB/9.3 GB  115 MB/s      6s[K[?25h[?2026l[?2026h[?25l[A[1Gpulling manifest [K
pulling a8cc1361f314:  92% ▕████████████████  ▏ 8.5 GB/9.3 GB  115 MB/s      6s[K[?25h[?2026l[?2026h[?25l[A[1Gpulling manifest [K
pulling a8cc1361f314:  92% ▕████████████████  ▏ 8.5 GB/9.3 GB  116 MB/s      6s[K[?25h[?2026l[?2026h[?25l[A[1Gpulling manifest [K
pulling a8cc1361f314:  92% ▕████████████████  ▏ 8.5 GB/9.3 GB  116 MB/s      6s[K[?25h[?2026l[?2026h[?25l[A[1Gpulling manifest [K
pulling a8cc1361f314:  92% ▕████████████████  ▏ 8.6 GB/9.3 GB  116 MB/s      6s[K[?25h[?2026l[?2026h[?25l[A[1Gpulling manifest [K
pulling a8cc1361f314:  92% ▕████████████████  ▏ 8.6 GB/9.3 GB  116 MB/s      6s[K[?25h[?2026l[?2026h[?25l[A[1Gpulling manifest [K
pulling a8cc1361f314:  92% ▕████████████████  ▏ 8.6 GB/9.3 GB  116 MB/s      6s[K[?25h[?2026l[?2026h[?25l[A[1Gpulling manifest [K
pulling a8cc1361f314:  93% ▕████████████████  ▏ 8.6 GB/9.3 GB  116 MB/s      5s[K[?25h[?2026l[?2026h[?25l[A[1Gpulling manifest [K
pulling a8cc1361f314:  93% ▕████████████████  ▏ 8.6 GB/9.3 GB  116 MB/s      5s[K[?25h[?2026l[?2026h[?25l[A[1Gpulling manifest [K
pulling a8cc1361f314:  93% ▕████████████████  ▏ 8.6 GB/9.3 GB  116 MB/s      5s[K[?25h[?2026l[?2026h[?25l[A[1Gpulling manifest [K
pulling a8cc1361f314:  93% ▕████████████████  ▏ 8.6 GB/9.3 GB  116 MB/s      5s[K[?25h[?2026l[?2026h[?25l[A[1Gpulling manifest [K
pulling a8cc1361f314:  93% ▕████████████████  ▏ 8.6 GB/9.3 GB  116 MB/s      5s[K[?25h[?2026l[?2026h[?25l[A[1Gpulling manifest [K
pulling a8cc1361f314:  93% ▕████████████████  ▏ 8.6 GB/9.3 GB  116 MB/s      5s[K[?25h[?2026l[?2026h[?25l[A[1Gpulling manifest [K
pulling a8cc1361f314:  93% ▕████████████████  ▏ 8.7 GB/9.3 GB  116 MB/s      5s[K[?25h[?2026l[?2026h[?25l[A[1Gpulling manifest [K
pulling a8cc1361f314:  93% ▕████████████████  ▏ 8.7 GB/9.3 GB  116 MB/s      5s[K[?25h[?2026l[?2026h[?25l[A[1Gpulling manifest [K
pulling a8cc1361f314:  94% ▕████████████████  ▏ 8.7 GB/9.3 GB  116 MB/s      5s[K[?25h[?2026l[?2026h[?25l[A[1Gpulling manifest [K
pulling a8cc1361f314:  94% ▕████████████████  ▏ 8.7 GB/9.3 GB  116 MB/s      4s[K[?25h[?2026l[?2026h[?25l[A[1Gpulling manifest [K
pulling a8cc1361f314:  94% ▕████████████████  ▏ 8.7 GB/9.3 GB  116 MB/s      4s[K[?25h[?2026l[?2026h[?25l[A[1Gpulling manifest [K
pulling a8cc1361f314:  94% ▕████████████████  ▏ 8.7 GB/9.3 GB  116 MB/s      4s[K[?25h[?2026l[?2026h[?25l[A[1Gpulling manifest [K
pulling a8cc1361f314:  94% ▕████████████████  ▏ 8.7 GB/9.3 GB  116 MB/s      4s[K[?25h[?2026l[?2026h[?25l[A[1Gpulling manifest [K
pulling a8cc1361f314:  94% ▕████████████████  ▏ 8.7 GB/9.3 GB  116 MB/s      4s[K[?25h[?2026l[?2026h[?25l[A[1Gpulling manifest [K
pulling a8cc1361f314:  94% ▕████████████████  ▏ 8.8 GB/9.3 GB  116 MB/s      4s[K[?25h[?2026l[?2026h[?25l[A[1Gpulling manifest [K
pulling a8cc1361f314:  94% ▕█████████████████ ▏ 8.8 GB/9.3 GB  117 MB/s      4s[K[?25h[?2026l[?2026h[?25l[A[1Gpulling manifest [K
pulling a8cc1361f314:  95% ▕█████████████████ ▏ 8.8 GB/9.3 GB  117 MB/s      4s[K[?25h[?2026l[?2026h[?25l[A[1Gpulling manifest [K
pulling a8cc1361f314:  95% ▕█████████████████ ▏ 8.8 GB/9.3 GB  117 MB/s      4s[K[?25h[?2026l[?2026h[?25l[A[1Gpulling manifest [K
pulling a8cc1361f314:  95% ▕█████████████████ ▏ 8.8 GB/9.3 GB  117 MB/s      4s[K[?25h[?2026l[?2026h[?25l[A[1Gpulling manifest [K
pulling a8cc1361f314:  95% ▕█████████████████ ▏ 8.8 GB/9.3 GB  117 MB/s      4s[K[?25h[?2026l[?2026h[?25l[A[1Gpulling manifest [K
pulling a8cc1361f314:  95% ▕█████████████████ ▏ 8.8 GB/9.3 GB  117 MB/s      3s[K[?25h[?2026l[?2026h[?25l[A[1Gpulling manifest [K
pulling a8cc1361f314:  95% ▕█████████████████ ▏ 8.8 GB/9.3 GB  117 MB/s      3s[K[?25h[?2026l[?2026h[?25l[A[1Gpulling manifest [K
pulling a8cc1361f314:  95% ▕█████████████████ ▏ 8.8 GB/9.3 GB  117 MB/s      3s[K[?25h[?2026l[?2026h[?25l[A[1Gpulling manifest [K
pulling a8cc1361f314:  95% ▕█████████████████ ▏ 8.9 GB/9.3 GB  117 MB/s      3s[K[?25h[?2026l[?2026h[?25l[A[1Gpulling manifest [K
pulling a8cc1361f314:  96% ▕█████████████████ ▏ 8.9 GB/9.3 GB  117 MB/s      3s[K[?25h[?2026l[?2026h[?25l[A[1Gpulling manifest [K
pulling a8cc1361f314:  96% ▕█████████████████ ▏ 8.9 GB/9.3 GB  117 MB/s      3s[K[?25h[?2026l[?2026h[?25l[A[1Gpulling manifest [K
pulling a8cc1361f314:  96% ▕█████████████████ ▏ 8.9 GB/9.3 GB  117 MB/s      3s[K[?25h[?2026l[?2026h[?25l[A[1Gpulling manifest [K
pulling a8cc1361f314:  96% ▕█████████████████ ▏ 8.9 GB/9.3 GB  117 MB/s      3s[K[?25h[?2026l[?2026h[?25l[A[1Gpulling manifest [K
pulling a8cc1361f314:  96% ▕█████████████████ ▏ 8.9 GB/9.3 GB  117 MB/s      3s[K[?25h[?2026l[?2026h[?25l[A[1Gpulling manifest [K
pulling a8cc1361f314:  96% ▕█████████████████ ▏ 8.9 GB/9.3 GB  117 MB/s      2s[K[?25h[?2026l[?2026h[?25l[A[1Gpulling manifest [K
pulling a8cc1361f314:  96% ▕█████████████████ ▏ 8.9 GB/9.3 GB  117 MB/s      2s[K[?25h[?2026l[?2026h[?25l[A[1Gpulling manifest [K
pulling a8cc1361f314:  96% ▕█████████████████ ▏ 8.9 GB/9.3 GB  117 MB/s      2s[K[?25h[?2026l[?2026h[?25l[A[1Gpulling manifest [K
pulling a8cc1361f314:  97% ▕█████████████████ ▏ 9.0 GB/9.3 GB  117 MB/s      2s[K[?25h[?2026l[?2026h[?25l[A[1Gpulling manifest [K
pulling a8cc1361f314:  97% ▕█████████████████ ▏ 9.0 GB/9.3 GB  117 MB/s      2s[K[?25h[?2026l[?2026h[?25l[A[1Gpulling manifest [K
pulling a8cc1361f314:  97% ▕█████████████████ ▏ 9.0 GB/9.3 GB  117 MB/s      2s[K[?25h[?2026l[?2026h[?25l[A[1Gpulling manifest [K
pulling a8cc1361f314:  97% ▕█████████████████ ▏ 9.0 GB/9.3 GB  117 MB/s      2s[K[?25h[?2026l[?2026h[?25l[A[1Gpulling manifest [K
pulling a8cc1361f314:  97% ▕█████████████████ ▏ 9.0 GB/9.3 GB  116 MB/s      2s[K[?25h[?2026l[?2026h[?25l[A[1Gpulling manifest [K
pulling a8cc1361f314:  97% ▕█████████████████ ▏ 9.0 GB/9.3 GB  116 MB/s      2s[K[?25h[?2026l[?2026h[?25l[A[1Gpulling manifest [K
pulling a8cc1361f314:  97% ▕█████████████████ ▏ 9.0 GB/9.3 GB  116 MB/s      2s[K[?25h[?2026l[?2026h[?25l[A[1Gpulling manifest [K
pulling a8cc1361f314:  97% ▕█████████████████ ▏ 9.0 GB/9.3 GB  116 MB/s      2s[K[?25h[?2026l[?2026h[?25l[A[1Gpulling manifest [K
pulling a8cc1361f314:  97% ▕█████████████████ ▏ 9.0 GB/9.3 GB  116 MB/s      1s[K[?25h[?2026l[?2026h[?25l[A[1Gpulling manifest [K
pulling a8cc1361f314:  98% ▕█████████████████ ▏ 9.1 GB/9.3 GB  116 MB/s      1s[K[?25h[?2026l[?2026h[?25l[A[1Gpulling manifest [K
pulling a8cc1361f314:  98% ▕█████████████████ ▏ 9.1 GB/9.3 GB  116 MB/s      1s[K[?25h[?2026l[?2026h[?25l[A[1Gpulling manifest [K
pulling a8cc1361f314:  98% ▕█████████████████ ▏ 9.1 GB/9.3 GB  116 MB/s      1s[K[?25h[?2026l[?2026h[?25l[A[1Gpulling manifest [K
pulling a8cc1361f314:  98% ▕█████████████████ ▏ 9.1 GB/9.3 GB  116 MB/s      1s[K[?25h[?2026l[?2026h[?25l[A[1Gpulling manifest [K
pulling a8cc1361f314:  98% ▕█████████████████ ▏ 9.1 GB/9.3 GB  116 MB/s      1s[K[?25h[?2026l[?2026h[?25l[A[1Gpulling manifest [K
pulling a8cc1361f314:  98% ▕█████████████████ ▏ 9.1 GB/9.3 GB  116 MB/s      1s[K[?25h[?2026l[?2026h[?25l[A[1Gpulling manifest [K
pulling a8cc1361f314:  98% ▕█████████████████ ▏ 9.1 GB/9.3 GB  116 MB/s      1s[K[?25h[?2026l[?2026h[?25l[A[1Gpulling manifest [K
pulling a8cc1361f314:  98% ▕█████████████████ ▏ 9.1 GB/9.3 GB  116 MB/s      1s[K[?25h[?2026l[?2026h[?25l[A[1Gpulling manifest [K
pulling a8cc1361f314:  99% ▕█████████████████ ▏ 9.1 GB/9.3 GB  116 MB/s      1s[K[?25h[?2026l[?2026h[?25l[A[1Gpulling manifest [K
pulling a8cc1361f314:  99% ▕█████████████████ ▏ 9.1 GB/9.3 GB  116 MB/s      1s[K[?25h[?2026l[?2026h[?25l[A[1Gpulling manifest [K
pulling a8cc1361f314:  99% ▕█████████████████ ▏ 9.2 GB/9.3 GB  116 MB/s      1s[K[?25h[?2026l[?2026h[?25l[A[1Gpulling manifest [K
pulling a8cc1361f314:  99% ▕█████████████████ ▏ 9.2 GB/9.3 GB  116 MB/s      0s[K[?25h[?2026l[?2026h[?25l[A[1Gpulling manifest [K
pulling a8cc1361f314:  99% ▕█████████████████ ▏ 9.2 GB/9.3 GB  116 MB/s      0s[K[?25h[?2026l[?2026h[?25l[A[1Gpulling manifest [K
pulling a8cc1361f314:  99% ▕█████████████████ ▏ 9.2 GB/9.3 GB  116 MB/s      0s[K[?25h[?2026l[?2026h[?25l[A[1Gpulling manifest [K
pulling a8cc1361f314:  99% ▕█████████████████ ▏ 9.2 GB/9.3 GB  116 MB/s      0s[K[?25h[?2026l[?2026h[?25l[A[1Gpulling manifest [K
pulling a8cc1361f314:  99% ▕█████████████████ ▏ 9.2 GB/9.3 GB  115 MB/s      0s[K[?25h[?2026l[?2026h[?25l[A[1Gpulling manifest [K
pulling a8cc1361f314:  99% ▕█████████████████ ▏ 9.2 GB/9.3 GB  115 MB/s      0s[K[?25h[?2026l[?2026h[?25l[A[1Gpulling manifest [K
pulling a8cc1361f314: 100% ▕█████████████████ ▏ 9.2 GB/9.3 GB  115 MB/s      0s[K[?25h[?2026l[?2026h[?25l[A[1Gpulling manifest [K
pulling a8cc1361f314: 100% ▕█████████████████ ▏ 9.2 GB/9.3 GB  115 MB/s      0s[K[?25h[?2026l[?2026h[?25l[A[1Gpulling manifest [K
pulling a8cc1361f314: 100% ▕█████████████████ ▏ 9.3 GB/9.3 GB  115 MB/s      0s[K[?25h[?2026l[?2026h[?25l[A[1Gpulling manifest [K
pulling a8cc1361f314: 100% ▕█████████████████ ▏ 9.3 GB/9.3 GB  115 MB/s      0s[K[?25h[?2026l[?2026h[?25l[A[1Gpulling manifest [K
pulling a8cc1361f314: 100% ▕█████████████████ ▏ 9.3 GB/9.3 GB  115 MB/s      0s[K[?25h[?2026l[?2026h[?25l[A[1Gpulling manifest [K
pulling a8cc1361f314: 100% ▕█████████████████ ▏ 9.3 GB/9.3 GB  115 MB/s      0s[K[?25h[?2026l[?2026h[?25l[A[1Gpulling manifest [K
pulling a8cc1361f314: 100% ▕█████████████████ ▏ 9.3 GB/9.3 GB  115 MB/s      0s[K[?25h[?2026l[?2026h[?25l[A[1Gpulling manifest [K
pulling a8cc1361f314: 100% ▕██████████████████▏ 9.3 GB                         [K[?25h[?2026l[?2026h[?25l[A[1Gpulling manifest [K
pulling a8cc1361f314: 100% ▕██████████████████▏ 9.3 GB                         [K[?25h[?2026l[?2026h[?25l[A[1Gpulling manifest [K
pulling a8cc1361f314: 100% ▕██████████████████▏ 9.3 GB                         [K[?25h[?2026l[?2026h[?25l[A[1Gpulling manifest [K
pulling a8cc1361f314: 100% ▕██████████████████▏ 9.3 GB                         [K[?25h[?2026l[?2026h[?25l[A[1Gpulling manifest [K
pulling a8cc1361f314: 100% ▕██████████████████▏ 9.3 GB                         [K[?25h[?2026l[?2026h[?25l[A[1Gpulling manifest [K
pulling a8cc1361f314: 100% ▕██████████████████▏ 9.3 GB                         [K[?25h[?2026l[?2026h[?25l[A[1Gpulling manifest [K
pulling a8cc1361f314: 100% ▕██████████████████▏ 9.3 GB                         [K[?25h[?2026l[?2026h[?25l[A[1Gpulling manifest [K
pulling a8cc1361f314: 100% ▕██████████████████▏ 9.3 GB                         [K[?25h[?2026l[?2026h[?25l[A[1Gpulling manifest [K
pulling a8cc1361f314: 100% ▕██████████████████▏ 9.3 GB                         [K[?25h[?2026l[?2026h[?25l[A[1Gpulling manifest [K
pulling a8cc1361f314: 100% ▕██████████████████▏ 9.3 GB                         [K[?25h[?2026l[?2026h[?25l[A[1Gpulling manifest [K
pulling a8cc1361f314: 100% ▕██████████████████▏ 9.3 GB                         [K
pulling ae370d884f10: 100% ▕██████████████████▏ 1.7 KB                         [K[?25h[?2026l[?2026h[?25l[A[A[1Gpulling manifest [K
pulling a8cc1361f314: 100% ▕██████████████████▏ 9.3 GB                         [K
pulling ae370d884f10: 100% ▕██████████████████▏ 1.7 KB                         [K[?25h[?2026l[?2026h[?25l[A[A[1Gpulling manifest [K
pulling a8cc1361f314: 100% ▕██████████████████▏ 9.3 GB                         [K
pulling ae370d884f10: 100% ▕██████████████████▏ 1.7 KB                         [K[?25h[?2026l[?2026h[?25l[A[A[1Gpulling manifest [K
pulling a8cc1361f314: 100% ▕██████████████████▏ 9.3 GB                         [K
pulling ae370d884f10: 100% ▕██████████████████▏ 1.7 KB                         [K[?25h[?2026l[?2026h[?25l[A[A[1Gpulling manifest [K
pulling a8cc1361f314: 100% ▕██████████████████▏ 9.3 GB                         [K
pulling ae370d884f10: 100% ▕██████████████████▏ 1.7 KB                         [K[?25h[?2026l[?2026h[?25l[A[A[1Gpulling manifest [K
pulling a8cc1361f314: 100% ▕██████████████████▏ 9.3 GB                         [K
pulling ae370d884f10: 100% ▕██████████████████▏ 1.7 KB                         [K[?25h[?2026l[?2026h[?25l[A[A[1Gpulling manifest [K
pulling a8cc1361f314: 100% ▕██████████████████▏ 9.3 GB                         [K
pulling ae370d884f10: 100% ▕██████████████████▏ 1.7 KB                         [K[?25h[?2026l[?2026h[?25l[A[A[1Gpulling manifest [K
pulling a8cc1361f314: 100% ▕██████████████████▏ 9.3 GB                         [K
pulling ae370d884f10: 100% ▕██████████████████▏ 1.7 KB                         [K[?25h[?2026l[?2026h[?25l[A[A[1Gpulling manifest [K
pulling a8cc1361f314: 100% ▕██████████████████▏ 9.3 GB                         [K
pulling ae370d884f10: 100% ▕██████████████████▏ 1.7 KB                         [K[?25h[?2026l[?2026h[?25l[A[A[1Gpulling manifest [K
pulling a8cc1361f314: 100% ▕██████████████████▏ 9.3 GB                         [K
pulling ae370d884f10: 100% ▕██████████████████▏ 1.7 KB                         [K[?25h[?2026l[?2026h[?25l[A[A[1Gpulling manifest [K
pulling a8cc1361f314: 100% ▕██████████████████▏ 9.3 GB                         [K
pulling ae370d884f10: 100% ▕██████████████████▏ 1.7 KB                         [K[?25h[?2026l[?2026h[?25l[A[A[1Gpulling manifest [K
pulling a8cc1361f314: 100% ▕██████████████████▏ 9.3 GB                         [K
pulling ae370d884f10: 100% ▕██████████████████▏ 1.7 KB                         [K[?25h[?2026l[?2026h[?25l[A[A[1Gpulling manifest [K
pulling a8cc1361f314: 100% ▕██████████████████▏ 9.3 GB                         [K
pulling ae370d884f10: 100% ▕██████████████████▏ 1.7 KB                         [K[?25h[?2026l[?2026h[?25l[A[A[1Gpulling manifest [K
pulling a8cc1361f314: 100% ▕██████████████████▏ 9.3 GB                         [K
pulling ae370d884f10: 100% ▕██████████████████▏ 1.7 KB                         [K[?25h[?2026l[?2026h[?25l[A[A[1Gpulling manifest [K
pulling a8cc1361f314: 100% ▕██████████████████▏ 9.3 GB                         [K
pulling ae370d884f10: 100% ▕██████████████████▏ 1.7 KB                         [K[?25h[?2026l[?2026h[?25l[A[A[1Gpulling manifest [K
pulling a8cc1361f314: 100% ▕██████████████████▏ 9.3 GB                         [K
pulling ae370d884f10: 100% ▕██████████████████▏ 1.7 KB                         [K[?25h[?2026l[?2026h[?25l[A[A[1Gpulling manifest [K
pulling a8cc1361f314: 100% ▕██████████████████▏ 9.3 GB                         [K
pulling ae370d884f10: 100% ▕██████████████████▏ 1.7 KB                         [K[?25h[?2026l[?2026h[?25l[A[A[1Gpulling manifest [K
pulling a8cc1361f314: 100% ▕██████████████████▏ 9.3 GB                         [K
pulling ae370d884f10: 100% ▕██████████████████▏ 1.7 KB                         [K
pulling d18a5cc71b84: 100% ▕██████████████████▏  11 KB                         [K[?25h[?2026l[?2026h[?25l[A[A[A[1Gpulling manifest [K
pulling a8cc1361f314: 100% ▕██████████████████▏ 9.3 GB                         [K
pulling ae370d884f10: 100% ▕██████████████████▏ 1.7 KB                         [K
pulling d18a5cc71b84: 100% ▕██████████████████▏  11 KB                         [K[?25h[?2026l[?2026h[?25l[A[A[A[1Gpulling manifest [K
pulling a8cc1361f314: 100% ▕██████████████████▏ 9.3 GB                         [K
pulling ae370d884f10: 100% ▕██████████████████▏ 1.7 KB                         [K
pulling d18a5cc71b84: 100% ▕██████████████████▏  11 KB                         [K[?25h[?2026l[?2026h[?25l[A[A[A[1Gpulling manifest [K
pulling a8cc1361f314: 100% ▕██████████████████▏ 9.3 GB                         [K
pulling ae370d884f10: 100% ▕██████████████████▏ 1.7 KB                         [K
pulling d18a5cc71b84: 100% ▕██████████████████▏  11 KB                         [K[?25h[?2026l[?2026h[?25l[A[A[A[1Gpulling manifest [K
pulling a8cc1361f314: 100% ▕██████████████████▏ 9.3 GB                         [K
pulling ae370d884f10: 100% ▕██████████████████▏ 1.7 KB                         [K
pulling d18a5cc71b84: 100% ▕██████████████████▏  11 KB                         [K[?25h[?2026l[?2026h[?25l[A[A[A[1Gpulling manifest [K
pulling a8cc1361f314: 100% ▕██████████████████▏ 9.3 GB                         [K
pulling ae370d884f10: 100% ▕██████████████████▏ 1.7 KB                         [K
pulling d18a5cc71b84: 100% ▕██████████████████▏  11 KB                         [K[?25h[?2026l[?2026h[?25l[A[A[A[1Gpulling manifest [K
pulling a8cc1361f314: 100% ▕██████████████████▏ 9.3 GB                         [K
pulling ae370d884f10: 100% ▕██████████████████▏ 1.7 KB                         [K
pulling d18a5cc71b84: 100% ▕██████████████████▏  11 KB                         [K[?25h[?2026l[?2026h[?25l[A[A[A[1Gpulling manifest [K
pulling a8cc1361f314: 100% ▕██████████████████▏ 9.3 GB                         [K
pulling ae370d884f10: 100% ▕██████████████████▏ 1.7 KB                         [K
pulling d18a5cc71b84: 100% ▕██████████████████▏  11 KB                         [K[?25h[?2026l[?2026h[?25l[A[A[A[1Gpulling manifest [K
pulling a8cc1361f314: 100% ▕██████████████████▏ 9.3 GB                         [K
pulling ae370d884f10: 100% ▕██████████████████▏ 1.7 KB                         [K
pulling d18a5cc71b84: 100% ▕██████████████████▏  11 KB                         [K[?25h[?2026l[?2026h[?25l[A[A[A[1Gpulling manifest [K
pulling a8cc1361f314: 100% ▕██████████████████▏ 9.3 GB                         [K
pulling ae370d884f10: 100% ▕██████████████████▏ 1.7 KB                         [K
pulling d18a5cc71b84: 100% ▕██████████████████▏  11 KB                         [K[?25h[?2026l[?2026h[?25l[A[A[A[1Gpulling manifest [K
pulling a8cc1361f314: 100% ▕██████████████████▏ 9.3 GB                         [K
pulling ae370d884f10: 100% ▕██████████████████▏ 1.7 KB                         [K
pulling d18a5cc71b84: 100% ▕██████████████████▏  11 KB                         [K[?25h[?2026l[?2026h[?25l[A[A[A[1Gpulling manifest [K
pulling a8cc1361f314: 100% ▕██████████████████▏ 9.3 GB                         [K
pulling ae370d884f10: 100% ▕██████████████████▏ 1.7 KB                         [K
pulling d18a5cc71b84: 100% ▕██████████████████▏  11 KB                         [K[?25h[?2026l[?2026h[?25l[A[A[A[1Gpulling manifest [K
pulling a8cc1361f314: 100% ▕██████████████████▏ 9.3 GB                         [K
pulling ae370d884f10: 100% ▕██████████████████▏ 1.7 KB                         [K
pulling d18a5cc71b84: 100% ▕██████████████████▏  11 KB                         [K[?25h[?2026l[?2026h[?25l[A[A[A[1Gpulling manifest [K
pulling a8cc1361f314: 100% ▕██████████████████▏ 9.3 GB                         [K
pulling ae370d884f10: 100% ▕██████████████████▏ 1.7 KB                         [K
pulling d18a5cc71b84: 100% ▕██████████████████▏  11 KB                         [K[?25h[?2026l[?2026h[?25l[A[A[A[1Gpulling manifest [K
pulling a8cc1361f314: 100% ▕██████████████████▏ 9.3 GB                         [K
pulling ae370d884f10: 100% ▕██████████████████▏ 1.7 KB                         [K
pulling d18a5cc71b84: 100% ▕██████████████████▏  11 KB                         [K[?25h[?2026l[?2026h[?25l[A[A[A[1Gpulling manifest [K
pulling a8cc1361f314: 100% ▕██████████████████▏ 9.3 GB                         [K
pulling ae370d884f10: 100% ▕██████████████████▏ 1.7 KB                         [K
pulling d18a5cc71b84: 100% ▕██████████████████▏  11 KB                         [K[?25h[?2026l[?2026h[?25l[A[A[A[1Gpulling manifest [K
pulling a8cc1361f314: 100% ▕██████████████████▏ 9.3 GB                         [K
pulling ae370d884f10: 100% ▕██████████████████▏ 1.7 KB                         [K
pulling d18a5cc71b84: 100% ▕██████████████████▏  11 KB                         [K
pulling cff3f395ef37: 100% ▕██████████████████▏  120 B                         [K[?25h[?2026l[?2026h[?25l[A[A[A[A[1Gpulling manifest [K
pulling a8cc1361f314: 100% ▕██████████████████▏ 9.3 GB                         [K
pulling ae370d884f10: 100% ▕██████████████████▏ 1.7 KB                         [K
pulling d18a5cc71b84: 100% ▕██████████████████▏  11 KB                         [K
pulling cff3f395ef37: 100% ▕██████████████████▏  120 B                         [K[?25h[?2026l[?2026h[?25l[A[A[A[A[1Gpulling manifest [K
pulling a8cc1361f314: 100% ▕██████████████████▏ 9.3 GB                         [K
pulling ae370d884f10: 100% ▕██████████████████▏ 1.7 KB                         [K
pulling d18a5cc71b84: 100% ▕██████████████████▏  11 KB                         [K
pulling cff3f395ef37: 100% ▕██████████████████▏  120 B                         [K[?25h[?2026l[?2026h[?25l[A[A[A[A[1Gpulling manifest [K
pulling a8cc1361f314: 100% ▕██████████████████▏ 9.3 GB                         [K
pulling ae370d884f10: 100% ▕██████████████████▏ 1.7 KB                         [K
pulling d18a5cc71b84: 100% ▕██████████████████▏  11 KB                         [K
pulling cff3f395ef37: 100% ▕██████████████████▏  120 B                         [K[?25h[?2026l[?2026h[?25l[A[A[A[A[1Gpulling manifest [K
pulling a8cc1361f314: 100% ▕██████████████████▏ 9.3 GB                         [K
pulling ae370d884f10: 100% ▕██████████████████▏ 1.7 KB                         [K
pulling d18a5cc71b84: 100% ▕██████████████████▏  11 KB                         [K
pulling cff3f395ef37: 100% ▕██████████████████▏  120 B                         [K[?25h[?2026l[?2026h[?25l[A[A[A[A[1Gpulling manifest [K
pulling a8cc1361f314: 100% ▕██████████████████▏ 9.3 GB                         [K
pulling ae370d884f10: 100% ▕██████████████████▏ 1.7 KB                         [K
pulling d18a5cc71b84: 100% ▕██████████████████▏  11 KB                         [K
pulling cff3f395ef37: 100% ▕██████████████████▏  120 B                         [K[?25h[?2026l[?2026h[?25l[A[A[A[A[1Gpulling manifest [K
pulling a8cc1361f314: 100% ▕██████████████████▏ 9.3 GB                         [K
pulling ae370d884f10: 100% ▕██████████████████▏ 1.7 KB                         [K
pulling d18a5cc71b84: 100% ▕██████████████████▏  11 KB                         [K
pulling cff3f395ef37: 100% ▕██████████████████▏  120 B                         [K[?25h[?2026l[?2026h[?25l[A[A[A[A[1Gpulling manifest [K
pulling a8cc1361f314: 100% ▕██████████████████▏ 9.3 GB                         [K
pulling ae370d884f10: 100% ▕██████████████████▏ 1.7 KB                         [K
pulling d18a5cc71b84: 100% ▕██████████████████▏  11 KB                         [K
pulling cff3f395ef37: 100% ▕██████████████████▏  120 B                         [K[?25h[?2026l[?2026h[?25l[A[A[A[A[1Gpulling manifest [K
pulling a8cc1361f314: 100% ▕██████████████████▏ 9.3 GB                         [K
pulling ae370d884f10: 100% ▕██████████████████▏ 1.7 KB                         [K
pulling d18a5cc71b84: 100% ▕██████████████████▏  11 KB                         [K
pulling cff3f395ef37: 100% ▕██████████████████▏  120 B                         [K[?25h[?2026l[?2026h[?25l[A[A[A[A[1Gpulling manifest [K
pulling a8cc1361f314: 100% ▕██████████████████▏ 9.3 GB                         [K
pulling ae370d884f10: 100% ▕██████████████████▏ 1.7 KB                         [K
pulling d18a5cc71b84: 100% ▕██████████████████▏  11 KB                         [K
pulling cff3f395ef37: 100% ▕██████████████████▏  120 B                         [K[?25h[?2026l[?2026h[?25l[A[A[A[A[1Gpulling manifest [K
pulling a8cc1361f314: 100% ▕██████████████████▏ 9.3 GB                         [K
pulling ae370d884f10: 100% ▕██████████████████▏ 1.7 KB                         [K
pulling d18a5cc71b84: 100% ▕██████████████████▏  11 KB                         [K
pulling cff3f395ef37: 100% ▕██████████████████▏  120 B                         [K[?25h[?2026l[?2026h[?25l[A[A[A[A[1Gpulling manifest [K
pulling a8cc1361f314: 100% ▕██████████████████▏ 9.3 GB                         [K
pulling ae370d884f10: 100% ▕██████████████████▏ 1.7 KB                         [K
pulling d18a5cc71b84: 100% ▕██████████████████▏  11 KB                         [K
pulling cff3f395ef37: 100% ▕██████████████████▏  120 B                         [K[?25h[?2026l[?2026h[?25l[A[A[A[A[1Gpulling manifest [K
pulling a8cc1361f314: 100% ▕██████████████████▏ 9.3 GB                         [K
pulling ae370d884f10: 100% ▕██████████████████▏ 1.7 KB                         [K
pulling d18a5cc71b84: 100% ▕██████████████████▏  11 KB                         [K
pulling cff3f395ef37: 100% ▕██████████████████▏  120 B                         [K[?25h[?2026l[?2026h[?25l[A[A[A[A[1Gpulling manifest [K
pulling a8cc1361f314: 100% ▕██████████████████▏ 9.3 GB                         [K
pulling ae370d884f10: 100% ▕██████████████████▏ 1.7 KB                         [K
pulling d18a5cc71b84: 100% ▕██████████████████▏  11 KB                         [K
pulling cff3f395ef37: 100% ▕██████████████████▏  120 B                         [K[?25h[?2026l[?2026h[?25l[A[A[A[A[1Gpulling manifest [K
pulling a8cc1361f314: 100% ▕██████████████████▏ 9.3 GB                         [K
pulling ae370d884f10: 100% ▕██████████████████▏ 1.7 KB                         [K
pulling d18a5cc71b84: 100% ▕██████████████████▏  11 KB                         [K
pulling cff3f395ef37: 100% ▕██████████████████▏  120 B                         [K[?25h[?2026l[?2026h[?25l[A[A[A[A[1Gpulling manifest [K
pulling a8cc1361f314: 100% ▕██████████████████▏ 9.3 GB                         [K
pulling ae370d884f10: 100% ▕██████████████████▏ 1.7 KB                         [K
pulling d18a5cc71b84: 100% ▕██████████████████▏  11 KB                         [K
pulling cff3f395ef37: 100% ▕██████████████████▏  120 B                         [K[?25h[?2026l[?2026h[?25l[A[A[A[A[1Gpulling manifest [K
pulling a8cc1361f314: 100% ▕██████████████████▏ 9.3 GB                         [K
pulling ae370d884f10: 100% ▕██████████████████▏ 1.7 KB                         [K
pulling d18a5cc71b84: 100% ▕██████████████████▏  11 KB                         [K
pulling cff3f395ef37: 100% ▕██████████████████▏  120 B                         [K
pulling 78b3b822087d: 100% ▕██████████████████▏  488 B                         [K[?25h[?2026l[?2026h[?25l[A[A[A[A[A[1Gpulling manifest [K
pulling a8cc1361f314: 100% ▕██████████████████▏ 9.3 GB                         [K
pulling ae370d884f10: 100% ▕██████████████████▏ 1.7 KB                         [K
pulling d18a5cc71b84: 100% ▕██████████████████▏  11 KB                         [K
pulling cff3f395ef37: 100% ▕██████████████████▏  120 B                         [K
pulling 78b3b822087d: 100% ▕██████████████████▏  488 B                         [K[?25h[?2026l[?2026h[?25l[A[A[A[A[A[1Gpulling manifest [K
pulling a8cc1361f314: 100% ▕██████████████████▏ 9.3 GB                         [K
pulling ae370d884f10: 100% ▕██████████████████▏ 1.7 KB                         [K
pulling d18a5cc71b84: 100% ▕██████████████████▏  11 KB                         [K
pulling cff3f395ef37: 100% ▕██████████████████▏  120 B                         [K
pulling 78b3b822087d: 100% ▕██████████████████▏  488 B                         [K[?25h[?2026l[?2026h[?25l[A[A[A[A[A[1Gpulling manifest [K
pulling a8cc1361f314: 100% ▕██████████████████▏ 9.3 GB                         [K
pulling ae370d884f10: 100% ▕██████████████████▏ 1.7 KB                         [K
pulling d18a5cc71b84: 100% ▕██████████████████▏  11 KB                         [K
pulling cff3f395ef37: 100% ▕██████████████████▏  120 B                         [K
pulling 78b3b822087d: 100% ▕██████████████████▏  488 B                         [K[?25h[?2026l[?2026h[?25l[A[A[A[A[A[1Gpulling manifest [K
pulling a8cc1361f314: 100% ▕██████████████████▏ 9.3 GB                         [K
pulling ae370d884f10: 100% ▕██████████████████▏ 1.7 KB                         [K
pulling d18a5cc71b84: 100% ▕██████████████████▏  11 KB                         [K
pulling cff3f395ef37: 100% ▕██████████████████▏  120 B                         [K
pulling 78b3b822087d: 100% ▕██████████████████▏  488 B                         [K[?25h[?2026l[?2026h[?25l[A[A[A[A[A[1Gpulling manifest [K
pulling a8cc1361f314: 100% ▕██████████████████▏ 9.3 GB                         [K
pulling ae370d884f10: 100% ▕██████████████████▏ 1.7 KB                         [K
pulling d18a5cc71b84: 100% ▕██████████████████▏  11 KB                         [K
pulling cff3f395ef37: 100% ▕██████████████████▏  120 B                         [K
pulling 78b3b822087d: 100% ▕██████████████████▏  488 B                         [K[?25h[?2026l[?2026h[?25l[A[A[A[A[A[1Gpulling manifest [K
pulling a8cc1361f314: 100% ▕██████████████████▏ 9.3 GB                         [K
pulling ae370d884f10: 100% ▕██████████████████▏ 1.7 KB                         [K
pulling d18a5cc71b84: 100% ▕██████████████████▏  11 KB                         [K
pulling cff3f395ef37: 100% ▕██████████████████▏  120 B                         [K
pulling 78b3b822087d: 100% ▕██████████████████▏  488 B                         [K[?25h[?2026l[?2026h[?25l[A[A[A[A[A[1Gpulling manifest [K
pulling a8cc1361f314: 100% ▕██████████████████▏ 9.3 GB                         [K
pulling ae370d884f10: 100% ▕██████████████████▏ 1.7 KB                         [K
pulling d18a5cc71b84: 100% ▕██████████████████▏  11 KB                         [K
pulling cff3f395ef37: 100% ▕██████████████████▏  120 B                         [K
pulling 78b3b822087d: 100% ▕██████████████████▏  488 B                         [K[?25h[?2026l[?2026h[?25l[A[A[A[A[A[1Gpulling manifest [K
pulling a8cc1361f314: 100% ▕██████████████████▏ 9.3 GB                         [K
pulling ae370d884f10: 100% ▕██████████████████▏ 1.7 KB                         [K
pulling d18a5cc71b84: 100% ▕██████████████████▏  11 KB                         [K
pulling cff3f395ef37: 100% ▕██████████████████▏  120 B                         [K
pulling 78b3b822087d: 100% ▕██████████████████▏  488 B                         [K
verifying sha256 digest ⠋ [K[?25h[?2026l[?2026h[?25l[A[A[A[A[A[A[1Gpulling manifest [K
pulling a8cc1361f314: 100% ▕██████████████████▏ 9.3 GB                         [K
pulling ae370d884f10: 100% ▕██████████████████▏ 1.7 KB                         [K
pulling d18a5cc71b84: 100% ▕██████████████████▏  11 KB                         [K
pulling cff3f395ef37: 100% ▕██████████████████▏  120 B                         [K
pulling 78b3b822087d: 100% ▕██████████████████▏  488 B                         [K
verifying sha256 digest ⠙ [K[?25h[?2026l[?2026h[?25l[A[A[A[A[A[A[1Gpulling manifest [K
pulling a8cc1361f314: 100% ▕██████████████████▏ 9.3 GB                         [K
pulling ae370d884f10: 100% ▕██████████████████▏ 1.7 KB                         [K
pulling d18a5cc71b84: 100% ▕██████████████████▏  11 KB                         [K
pulling cff3f395ef37: 100% ▕██████████████████▏  120 B                         [K
pulling 78b3b822087d: 100% ▕██████████████████▏  488 B                         [K
verifying sha256 digest ⠹ [K[?25h[?2026l[?2026h[?25l[A[A[A[A[A[A[1Gpulling manifest [K
pulling a8cc1361f314: 100% ▕██████████████████▏ 9.3 GB                         [K
pulling ae370d884f10: 100% ▕██████████████████▏ 1.7 KB                         [K
pulling d18a5cc71b84: 100% ▕██████████████████▏  11 KB                         [K
pulling cff3f395ef37: 100% ▕██████████████████▏  120 B                         [K
pulling 78b3b822087d: 100% ▕██████████████████▏  488 B                         [K
verifying sha256 digest ⠸ [K[?25h[?2026l[?2026h[?25l[A[A[A[A[A[A[1Gpulling manifest [K
pulling a8cc1361f314: 100% ▕██████████████████▏ 9.3 GB                         [K
pulling ae370d884f10: 100% ▕██████████████████▏ 1.7 KB                         [K
pulling d18a5cc71b84: 100% ▕██████████████████▏  11 KB                         [K
pulling cff3f395ef37: 100% ▕██████████████████▏  120 B                         [K
pulling 78b3b822087d: 100% ▕██████████████████▏  488 B                         [K
verifying sha256 digest ⠼ [K[?25h[?2026l[?2026h[?25l[A[A[A[A[A[A[1Gpulling manifest [K
pulling a8cc1361f314: 100% ▕██████████████████▏ 9.3 GB                         [K
pulling ae370d884f10: 100% ▕██████████████████▏ 1.7 KB                         [K
pulling d18a5cc71b84: 100% ▕██████████████████▏  11 KB                         [K
pulling cff3f395ef37: 100% ▕██████████████████▏  120 B                         [K
pulling 78b3b822087d: 100% ▕██████████████████▏  488 B                         [K
verifying sha256 digest ⠴ [K[?25h[?2026l[?2026h[?25l[A[A[A[A[A[A[1Gpulling manifest [K
pulling a8cc1361f314: 100% ▕██████████████████▏ 9.3 GB                         [K
pulling ae370d884f10: 100% ▕██████████████████▏ 1.7 KB                         [K
pulling d18a5cc71b84: 100% ▕██████████████████▏  11 KB                         [K
pulling cff3f395ef37: 100% ▕██████████████████▏  120 B                         [K
pulling 78b3b822087d: 100% ▕██████████████████▏  488 B                         [K
verifying sha256 digest ⠦ [K[?25h[?2026l[?2026h[?25l[A[A[A[A[A[A[1Gpulling manifest [K
pulling a8cc1361f314: 100% ▕██████████████████▏ 9.3 GB                         [K
pulling ae370d884f10: 100% ▕██████████████████▏ 1.7 KB                         [K
pulling d18a5cc71b84: 100% ▕██████████████████▏  11 KB                         [K
pulling cff3f395ef37: 100% ▕██████████████████▏  120 B                         [K
pulling 78b3b822087d: 100% ▕██████████████████▏  488 B                         [K
verifying sha256 digest ⠧ [K[?25h[?2026l[?2026h[?25l[A[A[A[A[A[A[1Gpulling manifest [K
pulling a8cc1361f314: 100% ▕██████████████████▏ 9.3 GB                         [K
pulling ae370d884f10: 100% ▕██████████████████▏ 1.7 KB                         [K
pulling d18a5cc71b84: 100% ▕██████████████████▏  11 KB                         [K
pulling cff3f395ef37: 100% ▕██████████████████▏  120 B                         [K
pulling 78b3b822087d: 100% ▕██████████████████▏  488 B                         [K
verifying sha256 digest ⠇ [K[?25h[?2026l[?2026h[?25l[A[A[A[A[A[A[1Gpulling manifest [K
pulling a8cc1361f314: 100% ▕██████████████████▏ 9.3 GB                         [K
pulling ae370d884f10: 100% ▕██████████████████▏ 1.7 KB                         [K
pulling d18a5cc71b84: 100% ▕██████████████████▏  11 KB                         [K
pulling cff3f395ef37: 100% ▕██████████████████▏  120 B                         [K
pulling 78b3b822087d: 100% ▕██████████████████▏  488 B                         [K
verifying sha256 digest ⠏ [K[?25h[?2026l[?2026h[?25l[A[A[A[A[A[A[1Gpulling manifest [K
pulling a8cc1361f314: 100% ▕██████████████████▏ 9.3 GB                         [K
pulling ae370d884f10: 100% ▕██████████████████▏ 1.7 KB                         [K
pulling d18a5cc71b84: 100% ▕██████████████████▏  11 KB                         [K
pulling cff3f395ef37: 100% ▕██████████████████▏  120 B                         [K
pulling 78b3b822087d: 100% ▕██████████████████▏  488 B                         [K
verifying sha256 digest ⠋ [K[?25h[?2026l[?2026h[?25l[A[A[A[A[A[A[1Gpulling manifest [K
pulling a8cc1361f314: 100% ▕██████████████████▏ 9.3 GB                         [K
pulling ae370d884f10: 100% ▕██████████████████▏ 1.7 KB                         [K
pulling d18a5cc71b84: 100% ▕██████████████████▏  11 KB                         [K
pulling cff3f395ef37: 100% ▕██████████████████▏  120 B                         [K
pulling 78b3b822087d: 100% ▕██████████████████▏  488 B                         [K
verifying sha256 digest ⠙ [K[?25h[?2026l[?2026h[?25l[A[A[A[A[A[A[1Gpulling manifest [K
pulling a8cc1361f314: 100% ▕██████████████████▏ 9.3 GB                         [K
pulling ae370d884f10: 100% ▕██████████████████▏ 1.7 KB                         [K
pulling d18a5cc71b84: 100% ▕██████████████████▏  11 KB                         [K
pulling cff3f395ef37: 100% ▕██████████████████▏  120 B                         [K
pulling 78b3b822087d: 100% ▕██████████████████▏  488 B                         [K
verifying sha256 digest ⠹ [K[?25h[?2026l[?2026h[?25l[A[A[A[A[A[A[1Gpulling manifest [K
pulling a8cc1361f314: 100% ▕██████████████████▏ 9.3 GB                         [K
pulling ae370d884f10: 100% ▕██████████████████▏ 1.7 KB                         [K
pulling d18a5cc71b84: 100% ▕██████████████████▏  11 KB                         [K
pulling cff3f395ef37: 100% ▕██████████████████▏  120 B                         [K
pulling 78b3b822087d: 100% ▕██████████████████▏  488 B                         [K
verifying sha256 digest ⠸ [K[?25h[?2026l[?2026h[?25l[A[A[A[A[A[A[1Gpulling manifest [K
pulling a8cc1361f314: 100% ▕██████████████████▏ 9.3 GB                         [K
pulling ae370d884f10: 100% ▕██████████████████▏ 1.7 KB                         [K
pulling d18a5cc71b84: 100% ▕██████████████████▏  11 KB                         [K
pulling cff3f395ef37: 100% ▕██████████████████▏  120 B                         [K
pulling 78b3b822087d: 100% ▕██████████████████▏  488 B                         [K
verifying sha256 digest ⠼ [K[?25h[?2026l[?2026h[?25l[A[A[A[A[A[A[1Gpulling manifest [K
pulling a8cc1361f314: 100% ▕██████████████████▏ 9.3 GB                         [K
pulling ae370d884f10: 100% ▕██████████████████▏ 1.7 KB                         [K
pulling d18a5cc71b84: 100% ▕██████████████████▏  11 KB                         [K
pulling cff3f395ef37: 100% ▕██████████████████▏  120 B                         [K
pulling 78b3b822087d: 100% ▕██████████████████▏  488 B                         [K
verifying sha256 digest ⠴ [K[?25h[?2026l[?2026h[?25l[A[A[A[A[A[A[1Gpulling manifest [K
pulling a8cc1361f314: 100% ▕██████████████████▏ 9.3 GB                         [K
pulling ae370d884f10: 100% ▕██████████████████▏ 1.7 KB                         [K
pulling d18a5cc71b84: 100% ▕██████████████████▏  11 KB                         [K
pulling cff3f395ef37: 100% ▕██████████████████▏  120 B                         [K
pulling 78b3b822087d: 100% ▕██████████████████▏  488 B                         [K
verifying sha256 digest ⠦ [K[?25h[?2026l[?2026h[?25l[A[A[A[A[A[A[1Gpulling manifest [K
pulling a8cc1361f314: 100% ▕██████████████████▏ 9.3 GB                         [K
pulling ae370d884f10: 100% ▕██████████████████▏ 1.7 KB                         [K
pulling d18a5cc71b84: 100% ▕██████████████████▏  11 KB                         [K
pulling cff3f395ef37: 100% ▕██████████████████▏  120 B                         [K
pulling 78b3b822087d: 100% ▕██████████████████▏  488 B                         [K
verifying sha256 digest ⠧ [K[?25h[?2026l[?2026h[?25l[A[A[A[A[A[A[1Gpulling manifest [K
pulling a8cc1361f314: 100% ▕██████████████████▏ 9.3 GB                         [K
pulling ae370d884f10: 100% ▕██████████████████▏ 1.7 KB                         [K
pulling d18a5cc71b84: 100% ▕██████████████████▏  11 KB                         [K
pulling cff3f395ef37: 100% ▕██████████████████▏  120 B                         [K
pulling 78b3b822087d: 100% ▕██████████████████▏  488 B                         [K
verifying sha256 digest ⠇ [K[?25h[?2026l[?2026h[?25l[A[A[A[A[A[A[1Gpulling manifest [K
pulling a8cc1361f314: 100% ▕██████████████████▏ 9.3 GB                         [K
pulling ae370d884f10: 100% ▕██████████████████▏ 1.7 KB                         [K
pulling d18a5cc71b84: 100% ▕██████████████████▏  11 KB                         [K
pulling cff3f395ef37: 100% ▕██████████████████▏  120 B                         [K
pulling 78b3b822087d: 100% ▕██████████████████▏  488 B                         [K
verifying sha256 digest ⠏ [K[?25h[?2026l[?2026h[?25l[A[A[A[A[A[A[1Gpulling manifest [K
pulling a8cc1361f314: 100% ▕██████████████████▏ 9.3 GB                         [K
pulling ae370d884f10: 100% ▕██████████████████▏ 1.7 KB                         [K
pulling d18a5cc71b84: 100% ▕██████████████████▏  11 KB                         [K
pulling cff3f395ef37: 100% ▕██████████████████▏  120 B                         [K
pulling 78b3b822087d: 100% ▕██████████████████▏  488 B                         [K
verifying sha256 digest ⠋ [K[?25h[?2026l[?2026h[?25l[A[A[A[A[A[A[1Gpulling manifest [K
pulling a8cc1361f314: 100% ▕██████████████████▏ 9.3 GB                         [K
pulling ae370d884f10: 100% ▕██████████████████▏ 1.7 KB                         [K
pulling d18a5cc71b84: 100% ▕██████████████████▏  11 KB                         [K
pulling cff3f395ef37: 100% ▕██████████████████▏  120 B                         [K
pulling 78b3b822087d: 100% ▕██████████████████▏  488 B                         [K
verifying sha256 digest ⠙ [K[?25h[?2026l[?2026h[?25l[A[A[A[A[A[A[1Gpulling manifest [K
pulling a8cc1361f314: 100% ▕██████████████████▏ 9.3 GB                         [K
pulling ae370d884f10: 100% ▕██████████████████▏ 1.7 KB                         [K
pulling d18a5cc71b84: 100% ▕██████████████████▏  11 KB                         [K
pulling cff3f395ef37: 100% ▕██████████████████▏  120 B                         [K
pulling 78b3b822087d: 100% ▕██████████████████▏  488 B                         [K
verifying sha256 digest ⠹ [K[?25h[?2026l[?2026h[?25l[A[A[A[A[A[A[1Gpulling manifest [K
pulling a8cc1361f314: 100% ▕██████████████████▏ 9.3 GB                         [K
pulling ae370d884f10: 100% ▕██████████████████▏ 1.7 KB                         [K
pulling d18a5cc71b84: 100% ▕██████████████████▏  11 KB                         [K
pulling cff3f395ef37: 100% ▕██████████████████▏  120 B                         [K
pulling 78b3b822087d: 100% ▕██████████████████▏  488 B                         [K
verifying sha256 digest ⠸ [K[?25h[?2026l[?2026h[?25l[A[A[A[A[A[A[1Gpulling manifest [K
pulling a8cc1361f314: 100% ▕██████████████████▏ 9.3 GB                         [K
pulling ae370d884f10: 100% ▕██████████████████▏ 1.7 KB                         [K
pulling d18a5cc71b84: 100% ▕██████████████████▏  11 KB                         [K
pulling cff3f395ef37: 100% ▕██████████████████▏  120 B                         [K
pulling 78b3b822087d: 100% ▕██████████████████▏  488 B                         [K
verifying sha256 digest ⠼ [K[?25h[?2026l[?2026h[?25l[A[A[A[A[A[A[1Gpulling manifest [K
pulling a8cc1361f314: 100% ▕██████████████████▏ 9.3 GB                         [K
pulling ae370d884f10: 100% ▕██████████████████▏ 1.7 KB                         [K
pulling d18a5cc71b84: 100% ▕██████████████████▏  11 KB                         [K
pulling cff3f395ef37: 100% ▕██████████████████▏  120 B                         [K
pulling 78b3b822087d: 100% ▕██████████████████▏  488 B                         [K
verifying sha256 digest ⠴ [K[?25h[?2026l[?2026h[?25l[A[A[A[A[A[A[1Gpulling manifest [K
pulling a8cc1361f314: 100% ▕██████████████████▏ 9.3 GB                         [K
pulling ae370d884f10: 100% ▕██████████████████▏ 1.7 KB                         [K
pulling d18a5cc71b84: 100% ▕██████████████████▏  11 KB                         [K
pulling cff3f395ef37: 100% ▕██████████████████▏  120 B                         [K
pulling 78b3b822087d: 100% ▕██████████████████▏  488 B                         [K
verifying sha256 digest ⠦ [K[?25h[?2026l[?2026h[?25l[A[A[A[A[A[A[1Gpulling manifest [K
pulling a8cc1361f314: 100% ▕██████████████████▏ 9.3 GB                         [K
pulling ae370d884f10: 100% ▕██████████████████▏ 1.7 KB                         [K
pulling d18a5cc71b84: 100% ▕██████████████████▏  11 KB                         [K
pulling cff3f395ef37: 100% ▕██████████████████▏  120 B                         [K
pulling 78b3b822087d: 100% ▕██████████████████▏  488 B                         [K
verifying sha256 digest ⠧ [K[?25h[?2026l[?2026h[?25l[A[A[A[A[A[A[1Gpulling manifest [K
pulling a8cc1361f314: 100% ▕██████████████████▏ 9.3 GB                         [K
pulling ae370d884f10: 100% ▕██████████████████▏ 1.7 KB                         [K
pulling d18a5cc71b84: 100% ▕██████████████████▏  11 KB                         [K
pulling cff3f395ef37: 100% ▕██████████████████▏  120 B                         [K
pulling 78b3b822087d: 100% ▕██████████████████▏  488 B                         [K
verifying sha256 digest ⠇ [K[?25h[?2026l[?2026h[?25l[A[A[A[A[A[A[1Gpulling manifest [K
pulling a8cc1361f314: 100% ▕██████████████████▏ 9.3 GB                         [K
pulling ae370d884f10: 100% ▕██████████████████▏ 1.7 KB                         [K
pulling d18a5cc71b84: 100% ▕██████████████████▏  11 KB                         [K
pulling cff3f395ef37: 100% ▕██████████████████▏  120 B                         [K
pulling 78b3b822087d: 100% ▕██████████████████▏  488 B                         [K
verifying sha256 digest ⠏ [K[?25h[?2026l[?2026h[?25l[A[A[A[A[A[A[1Gpulling manifest [K
pulling a8cc1361f314: 100% ▕██████████████████▏ 9.3 GB                         [K
pulling ae370d884f10: 100% ▕██████████████████▏ 1.7 KB                         [K
pulling d18a5cc71b84: 100% ▕██████████████████▏  11 KB                         [K
pulling cff3f395ef37: 100% ▕██████████████████▏  120 B                         [K
pulling 78b3b822087d: 100% ▕██████████████████▏  488 B                         [K
verifying sha256 digest ⠋ [K[?25h[?2026l[?2026h[?25l[A[A[A[A[A[A[1Gpulling manifest [K
pulling a8cc1361f314: 100% ▕██████████████████▏ 9.3 GB                         [K
pulling ae370d884f10: 100% ▕██████████████████▏ 1.7 KB                         [K
pulling d18a5cc71b84: 100% ▕██████████████████▏  11 KB                         [K
pulling cff3f395ef37: 100% ▕██████████████████▏  120 B                         [K
pulling 78b3b822087d: 100% ▕██████████████████▏  488 B                         [K
verifying sha256 digest ⠙ [K[?25h[?2026l[?2026h[?25l[A[A[A[A[A[A[1Gpulling manifest [K
pulling a8cc1361f314: 100% ▕██████████████████▏ 9.3 GB                         [K
pulling ae370d884f10: 100% ▕██████████████████▏ 1.7 KB                         [K
pulling d18a5cc71b84: 100% ▕██████████████████▏  11 KB                         [K
pulling cff3f395ef37: 100% ▕██████████████████▏  120 B                         [K
pulling 78b3b822087d: 100% ▕██████████████████▏  488 B                         [K
verifying sha256 digest ⠹ [K[?25h[?2026l[?2026h[?25l[A[A[A[A[A[A[1Gpulling manifest [K
pulling a8cc1361f314: 100% ▕██████████████████▏ 9.3 GB                         [K
pulling ae370d884f10: 100% ▕██████████████████▏ 1.7 KB                         [K
pulling d18a5cc71b84: 100% ▕██████████████████▏  11 KB                         [K
pulling cff3f395ef37: 100% ▕██████████████████▏  120 B                         [K
pulling 78b3b822087d: 100% ▕██████████████████▏  488 B                         [K
verifying sha256 digest ⠸ [K[?25h[?2026l[?2026h[?25l[A[A[A[A[A[A[1Gpulling manifest [K
pulling a8cc1361f314: 100% ▕██████████████████▏ 9.3 GB                         [K
pulling ae370d884f10: 100% ▕██████████████████▏ 1.7 KB                         [K
pulling d18a5cc71b84: 100% ▕██████████████████▏  11 KB                         [K
pulling cff3f395ef37: 100% ▕██████████████████▏  120 B                         [K
pulling 78b3b822087d: 100% ▕██████████████████▏  488 B                         [K
verifying sha256 digest ⠼ [K[?25h[?2026l[?2026h[?25l[A[A[A[A[A[A[1Gpulling manifest [K
pulling a8cc1361f314: 100% ▕██████████████████▏ 9.3 GB                         [K
pulling ae370d884f10: 100% ▕██████████████████▏ 1.7 KB                         [K
pulling d18a5cc71b84: 100% ▕██████████████████▏  11 KB                         [K
pulling cff3f395ef37: 100% ▕██████████████████▏  120 B                         [K
pulling 78b3b822087d: 100% ▕██████████████████▏  488 B                         [K
verifying sha256 digest ⠴ [K[?25h[?2026l[?2026h[?25l[A[A[A[A[A[A[1Gpulling manifest [K
pulling a8cc1361f314: 100% ▕██████████████████▏ 9.3 GB                         [K
pulling ae370d884f10: 100% ▕██████████████████▏ 1.7 KB                         [K
pulling d18a5cc71b84: 100% ▕██████████████████▏  11 KB                         [K
pulling cff3f395ef37: 100% ▕██████████████████▏  120 B                         [K
pulling 78b3b822087d: 100% ▕██████████████████▏  488 B                         [K
verifying sha256 digest ⠦ [K[?25h[?2026l[?2026h[?25l[A[A[A[A[A[A[1Gpulling manifest [K
pulling a8cc1361f314: 100% ▕██████████████████▏ 9.3 GB                         [K
pulling ae370d884f10: 100% ▕██████████████████▏ 1.7 KB                         [K
pulling d18a5cc71b84: 100% ▕██████████████████▏  11 KB                         [K
pulling cff3f395ef37: 100% ▕██████████████████▏  120 B                         [K
pulling 78b3b822087d: 100% ▕██████████████████▏  488 B                         [K
verifying sha256 digest ⠧ [K[?25h[?2026l[?2026h[?25l[A[A[A[A[A[A[1Gpulling manifest [K
pulling a8cc1361f314: 100% ▕██████████████████▏ 9.3 GB                         [K
pulling ae370d884f10: 100% ▕██████████████████▏ 1.7 KB                         [K
pulling d18a5cc71b84: 100% ▕██████████████████▏  11 KB                         [K
pulling cff3f395ef37: 100% ▕██████████████████▏  120 B                         [K
pulling 78b3b822087d: 100% ▕██████████████████▏  488 B                         [K
verifying sha256 digest ⠇ [K[?25h[?2026l[?2026h[?25l[A[A[A[A[A[A[1Gpulling manifest [K
pulling a8cc1361f314: 100% ▕██████████████████▏ 9.3 GB                         [K
pulling ae370d884f10: 100% ▕██████████████████▏ 1.7 KB                         [K
pulling d18a5cc71b84: 100% ▕██████████████████▏  11 KB                         [K
pulling cff3f395ef37: 100% ▕██████████████████▏  120 B                         [K
pulling 78b3b822087d: 100% ▕██████████████████▏  488 B                         [K
verifying sha256 digest ⠏ [K[?25h[?2026l[?2026h[?25l[A[A[A[A[A[A[1Gpulling manifest [K
pulling a8cc1361f314: 100% ▕██████████████████▏ 9.3 GB                         [K
pulling ae370d884f10: 100% ▕██████████████████▏ 1.7 KB                         [K
pulling d18a5cc71b84: 100% ▕██████████████████▏  11 KB                         [K
pulling cff3f395ef37: 100% ▕██████████████████▏  120 B                         [K
pulling 78b3b822087d: 100% ▕██████████████████▏  488 B                         [K
verifying sha256 digest ⠋ [K[?25h[?2026l[?2026h[?25l[A[A[A[A[A[A[1Gpulling manifest [K
pulling a8cc1361f314: 100% ▕██████████████████▏ 9.3 GB                         [K
pulling ae370d884f10: 100% ▕██████████████████▏ 1.7 KB                         [K
pulling d18a5cc71b84: 100% ▕██████████████████▏  11 KB                         [K
pulling cff3f395ef37: 100% ▕██████████████████▏  120 B                         [K
pulling 78b3b822087d: 100% ▕██████████████████▏  488 B                         [K
verifying sha256 digest ⠙ [K[?25h[?2026l[?2026h[?25l[A[A[A[A[A[A[1Gpulling manifest [K
pulling a8cc1361f314: 100% ▕██████████████████▏ 9.3 GB                         [K
pulling ae370d884f10: 100% ▕██████████████████▏ 1.7 KB                         [K
pulling d18a5cc71b84: 100% ▕██████████████████▏  11 KB                         [K
pulling cff3f395ef37: 100% ▕██████████████████▏  120 B                         [K
pulling 78b3b822087d: 100% ▕██████████████████▏  488 B                         [K
verifying sha256 digest ⠹ [K[?25h[?2026l[?2026h[?25l[A[A[A[A[A[A[1Gpulling manifest [K
pulling a8cc1361f314: 100% ▕██████████████████▏ 9.3 GB                         [K
pulling ae370d884f10: 100% ▕██████████████████▏ 1.7 KB                         [K
pulling d18a5cc71b84: 100% ▕██████████████████▏  11 KB                         [K
pulling cff3f395ef37: 100% ▕██████████████████▏  120 B                         [K
pulling 78b3b822087d: 100% ▕██████████████████▏  488 B                         [K
verifying sha256 digest ⠸ [K[?25h[?2026l[?2026h[?25l[A[A[A[A[A[A[1Gpulling manifest [K
pulling a8cc1361f314: 100% ▕██████████████████▏ 9.3 GB                         [K
pulling ae370d884f10: 100% ▕██████████████████▏ 1.7 KB                         [K
pulling d18a5cc71b84: 100% ▕██████████████████▏  11 KB                         [K
pulling cff3f395ef37: 100% ▕██████████████████▏  120 B                         [K
pulling 78b3b822087d: 100% ▕██████████████████▏  488 B                         [K
verifying sha256 digest ⠼ [K[?25h[?2026l[?2026h[?25l[A[A[A[A[A[A[1Gpulling manifest [K
pulling a8cc1361f314: 100% ▕██████████████████▏ 9.3 GB                         [K
pulling ae370d884f10: 100% ▕██████████████████▏ 1.7 KB                         [K
pulling d18a5cc71b84: 100% ▕██████████████████▏  11 KB                         [K
pulling cff3f395ef37: 100% ▕██████████████████▏  120 B                         [K
pulling 78b3b822087d: 100% ▕██████████████████▏  488 B                         [K
verifying sha256 digest ⠴ [K[?25h[?2026l[?2026h[?25l[A[A[A[A[A[A[1Gpulling manifest [K
pulling a8cc1361f314: 100% ▕██████████████████▏ 9.3 GB                         [K
pulling ae370d884f10: 100% ▕██████████████████▏ 1.7 KB                         [K
pulling d18a5cc71b84: 100% ▕██████████████████▏  11 KB                         [K
pulling cff3f395ef37: 100% ▕██████████████████▏  120 B                         [K
pulling 78b3b822087d: 100% ▕██████████████████▏  488 B                         [K
verifying sha256 digest ⠦ [K[?25h[?2026l[?2026h[?25l[A[A[A[A[A[A[1Gpulling manifest [K
pulling a8cc1361f314: 100% ▕██████████████████▏ 9.3 GB                         [K
pulling ae370d884f10: 100% ▕██████████████████▏ 1.7 KB                         [K
pulling d18a5cc71b84: 100% ▕██████████████████▏  11 KB                         [K
pulling cff3f395ef37: 100% ▕██████████████████▏  120 B                         [K
pulling 78b3b822087d: 100% ▕██████████████████▏  488 B                         [K
verifying sha256 digest ⠧ [K[?25h[?2026l[?2026h[?25l[A[A[A[A[A[A[1Gpulling manifest [K
pulling a8cc1361f314: 100% ▕██████████████████▏ 9.3 GB                         [K
pulling ae370d884f10: 100% ▕██████████████████▏ 1.7 KB                         [K
pulling d18a5cc71b84: 100% ▕██████████████████▏  11 KB                         [K
pulling cff3f395ef37: 100% ▕██████████████████▏  120 B                         [K
pulling 78b3b822087d: 100% ▕██████████████████▏  488 B                         [K
verifying sha256 digest ⠇ [K[?25h[?2026l[?2026h[?25l[A[A[A[A[A[A[1Gpulling manifest [K
pulling a8cc1361f314: 100% ▕██████████████████▏ 9.3 GB                         [K
pulling ae370d884f10: 100% ▕██████████████████▏ 1.7 KB                         [K
pulling d18a5cc71b84: 100% ▕██████████████████▏  11 KB                         [K
pulling cff3f395ef37: 100% ▕██████████████████▏  120 B                         [K
pulling 78b3b822087d: 100% ▕██████████████████▏  488 B                         [K
verifying sha256 digest ⠏ [K[?25h[?2026l[?2026h[?25l[A[A[A[A[A[A[1Gpulling manifest [K
pulling a8cc1361f314: 100% ▕██████████████████▏ 9.3 GB                         [K
pulling ae370d884f10: 100% ▕██████████████████▏ 1.7 KB                         [K
pulling d18a5cc71b84: 100% ▕██████████████████▏  11 KB                         [K
pulling cff3f395ef37: 100% ▕██████████████████▏  120 B                         [K
pulling 78b3b822087d: 100% ▕██████████████████▏  488 B                         [K
verifying sha256 digest ⠋ [K[?25h[?2026l[?2026h[?25l[A[A[A[A[A[A[1Gpulling manifest [K
pulling a8cc1361f314: 100% ▕██████████████████▏ 9.3 GB                         [K
pulling ae370d884f10: 100% ▕██████████████████▏ 1.7 KB                         [K
pulling d18a5cc71b84: 100% ▕██████████████████▏  11 KB                         [K
pulling cff3f395ef37: 100% ▕██████████████████▏  120 B                         [K
pulling 78b3b822087d: 100% ▕██████████████████▏  488 B                         [K
verifying sha256 digest ⠙ [K[?25h[?2026l[?2026h[?25l[A[A[A[A[A[A[1Gpulling manifest [K
pulling a8cc1361f314: 100% ▕██████████████████▏ 9.3 GB                         [K
pulling ae370d884f10: 100% ▕██████████████████▏ 1.7 KB                         [K
pulling d18a5cc71b84: 100% ▕██████████████████▏  11 KB                         [K
pulling cff3f395ef37: 100% ▕██████████████████▏  120 B                         [K
pulling 78b3b822087d: 100% ▕██████████████████▏  488 B                         [K
verifying sha256 digest ⠹ [K[?25h[?2026l[?2026h[?25l[A[A[A[A[A[A[1Gpulling manifest [K
pulling a8cc1361f314: 100% ▕██████████████████▏ 9.3 GB                         [K
pulling ae370d884f10: 100% ▕██████████████████▏ 1.7 KB                         [K
pulling d18a5cc71b84: 100% ▕██████████████████▏  11 KB                         [K
pulling cff3f395ef37: 100% ▕██████████████████▏  120 B                         [K
pulling 78b3b822087d: 100% ▕██████████████████▏  488 B                         [K
verifying sha256 digest ⠸ [K[?25h[?2026l[?2026h[?25l[A[A[A[A[A[A[1Gpulling manifest [K
pulling a8cc1361f314: 100% ▕██████████████████▏ 9.3 GB                         [K
pulling ae370d884f10: 100% ▕██████████████████▏ 1.7 KB                         [K
pulling d18a5cc71b84: 100% ▕██████████████████▏  11 KB                         [K
pulling cff3f395ef37: 100% ▕██████████████████▏  120 B                         [K
pulling 78b3b822087d: 100% ▕██████████████████▏  488 B                         [K
verifying sha256 digest ⠼ [K[?25h[?2026l[?2026h[?25l[A[A[A[A[A[A[1Gpulling manifest [K
pulling a8cc1361f314: 100% ▕██████████████████▏ 9.3 GB                         [K
pulling ae370d884f10: 100% ▕██████████████████▏ 1.7 KB                         [K
pulling d18a5cc71b84: 100% ▕██████████████████▏  11 KB                         [K
pulling cff3f395ef37: 100% ▕██████████████████▏  120 B                         [K
pulling 78b3b822087d: 100% ▕██████████████████▏  488 B                         [K
verifying sha256 digest ⠴ [K[?25h[?2026l[?2026h[?25l[A[A[A[A[A[A[1Gpulling manifest [K
pulling a8cc1361f314: 100% ▕██████████████████▏ 9.3 GB                         [K
pulling ae370d884f10: 100% ▕██████████████████▏ 1.7 KB                         [K
pulling d18a5cc71b84: 100% ▕██████████████████▏  11 KB                         [K
pulling cff3f395ef37: 100% ▕██████████████████▏  120 B                         [K
pulling 78b3b822087d: 100% ▕██████████████████▏  488 B                         [K
verifying sha256 digest ⠦ [K[?25h[?2026l[?2026h[?25l[A[A[A[A[A[A[1Gpulling manifest [K
pulling a8cc1361f314: 100% ▕██████████████████▏ 9.3 GB                         [K
pulling ae370d884f10: 100% ▕██████████████████▏ 1.7 KB                         [K
pulling d18a5cc71b84: 100% ▕██████████████████▏  11 KB                         [K
pulling cff3f395ef37: 100% ▕██████████████████▏  120 B                         [K
pulling 78b3b822087d: 100% ▕██████████████████▏  488 B                         [K
verifying sha256 digest ⠧ [K[?25h[?2026l[?2026h[?25l[A[A[A[A[A[A[1Gpulling manifest [K
pulling a8cc1361f314: 100% ▕██████████████████▏ 9.3 GB                         [K
pulling ae370d884f10: 100% ▕██████████████████▏ 1.7 KB                         [K
pulling d18a5cc71b84: 100% ▕██████████████████▏  11 KB                         [K
pulling cff3f395ef37: 100% ▕██████████████████▏  120 B                         [K
pulling 78b3b822087d: 100% ▕██████████████████▏  488 B                         [K
verifying sha256 digest ⠇ [K[?25h[?2026l[?2026h[?25l[A[A[A[A[A[A[1Gpulling manifest [K
pulling a8cc1361f314: 100% ▕██████████████████▏ 9.3 GB                         [K
pulling ae370d884f10: 100% ▕██████████████████▏ 1.7 KB                         [K
pulling d18a5cc71b84: 100% ▕██████████████████▏  11 KB                         [K
pulling cff3f395ef37: 100% ▕██████████████████▏  120 B                         [K
pulling 78b3b822087d: 100% ▕██████████████████▏  488 B                         [K
verifying sha256 digest ⠏ [K[?25h[?2026l[?2026h[?25l[A[A[A[A[A[A[1Gpulling manifest [K
pulling a8cc1361f314: 100% ▕██████████████████▏ 9.3 GB                         [K
pulling ae370d884f10: 100% ▕██████████████████▏ 1.7 KB                         [K
pulling d18a5cc71b84: 100% ▕██████████████████▏  11 KB                         [K
pulling cff3f395ef37: 100% ▕██████████████████▏  120 B                         [K
pulling 78b3b822087d: 100% ▕██████████████████▏  488 B                         [K
verifying sha256 digest ⠋ [K[?25h[?2026l[?2026h[?25l[A[A[A[A[A[A[1Gpulling manifest [K
pulling a8cc1361f314: 100% ▕██████████████████▏ 9.3 GB                         [K
pulling ae370d884f10: 100% ▕██████████████████▏ 1.7 KB                         [K
pulling d18a5cc71b84: 100% ▕██████████████████▏  11 KB                         [K
pulling cff3f395ef37: 100% ▕██████████████████▏  120 B                         [K
pulling 78b3b822087d: 100% ▕██████████████████▏  488 B                         [K
verifying sha256 digest ⠙ [K[?25h[?2026l[?2026h[?25l[A[A[A[A[A[A[1Gpulling manifest [K
pulling a8cc1361f314: 100% ▕██████████████████▏ 9.3 GB                         [K
pulling ae370d884f10: 100% ▕██████████████████▏ 1.7 KB                         [K
pulling d18a5cc71b84: 100% ▕██████████████████▏  11 KB                         [K
pulling cff3f395ef37: 100% ▕██████████████████▏  120 B                         [K
pulling 78b3b822087d: 100% ▕██████████████████▏  488 B                         [K
verifying sha256 digest ⠹ [K[?25h[?2026l[?2026h[?25l[A[A[A[A[A[A[1Gpulling manifest [K
pulling a8cc1361f314: 100% ▕██████████████████▏ 9.3 GB                         [K
pulling ae370d884f10: 100% ▕██████████████████▏ 1.7 KB                         [K
pulling d18a5cc71b84: 100% ▕██████████████████▏  11 KB                         [K
pulling cff3f395ef37: 100% ▕██████████████████▏  120 B                         [K
pulling 78b3b822087d: 100% ▕██████████████████▏  488 B                         [K
verifying sha256 digest ⠸ [K[?25h[?2026l[?2026h[?25l[A[A[A[A[A[A[1Gpulling manifest [K
pulling a8cc1361f314: 100% ▕██████████████████▏ 9.3 GB                         [K
pulling ae370d884f10: 100% ▕██████████████████▏ 1.7 KB                         [K
pulling d18a5cc71b84: 100% ▕██████████████████▏  11 KB                         [K
pulling cff3f395ef37: 100% ▕██████████████████▏  120 B                         [K
pulling 78b3b822087d: 100% ▕██████████████████▏  488 B                         [K
verifying sha256 digest ⠼ [K[?25h[?2026l[?2026h[?25l[A[A[A[A[A[A[1Gpulling manifest [K
pulling a8cc1361f314: 100% ▕██████████████████▏ 9.3 GB                         [K
pulling ae370d884f10: 100% ▕██████████████████▏ 1.7 KB                         [K
pulling d18a5cc71b84: 100% ▕██████████████████▏  11 KB                         [K
pulling cff3f395ef37: 100% ▕██████████████████▏  120 B                         [K
pulling 78b3b822087d: 100% ▕██████████████████▏  488 B                         [K
verifying sha256 digest ⠴ [K[?25h[?2026l[?2026h[?25l[A[A[A[A[A[A[1Gpulling manifest [K
pulling a8cc1361f314: 100% ▕██████████████████▏ 9.3 GB                         [K
pulling ae370d884f10: 100% ▕██████████████████▏ 1.7 KB                         [K
pulling d18a5cc71b84: 100% ▕██████████████████▏  11 KB                         [K
pulling cff3f395ef37: 100% ▕██████████████████▏  120 B                         [K
pulling 78b3b822087d: 100% ▕██████████████████▏  488 B                         [K
verifying sha256 digest ⠦ [K[?25h[?2026l[?2026h[?25l[A[A[A[A[A[A[1Gpulling manifest [K
pulling a8cc1361f314: 100% ▕██████████████████▏ 9.3 GB                         [K
pulling ae370d884f10: 100% ▕██████████████████▏ 1.7 KB                         [K
pulling d18a5cc71b84: 100% ▕██████████████████▏  11 KB                         [K
pulling cff3f395ef37: 100% ▕██████████████████▏  120 B                         [K
pulling 78b3b822087d: 100% ▕██████████████████▏  488 B                         [K
verifying sha256 digest ⠧ [K[?25h[?2026l[?2026h[?25l[A[A[A[A[A[A[1Gpulling manifest [K
pulling a8cc1361f314: 100% ▕██████████████████▏ 9.3 GB                         [K
pulling ae370d884f10: 100% ▕██████████████████▏ 1.7 KB                         [K
pulling d18a5cc71b84: 100% ▕██████████████████▏  11 KB                         [K
pulling cff3f395ef37: 100% ▕██████████████████▏  120 B                         [K
pulling 78b3b822087d: 100% ▕██████████████████▏  488 B                         [K
verifying sha256 digest ⠇ [K[?25h[?2026l[?2026h[?25l[A[A[A[A[A[A[1Gpulling manifest [K
pulling a8cc1361f314: 100% ▕██████████████████▏ 9.3 GB                         [K
pulling ae370d884f10: 100% ▕██████████████████▏ 1.7 KB                         [K
pulling d18a5cc71b84: 100% ▕██████████████████▏  11 KB                         [K
pulling cff3f395ef37: 100% ▕██████████████████▏  120 B                         [K
pulling 78b3b822087d: 100% ▕██████████████████▏  488 B                         [K
verifying sha256 digest ⠏ [K[?25h[?2026l[?2026h[?25l[A[A[A[A[A[A[1Gpulling manifest [K
pulling a8cc1361f314: 100% ▕██████████████████▏ 9.3 GB                         [K
pulling ae370d884f10: 100% ▕██████████████████▏ 1.7 KB                         [K
pulling d18a5cc71b84: 100% ▕██████████████████▏  11 KB                         [K
pulling cff3f395ef37: 100% ▕██████████████████▏  120 B                         [K
pulling 78b3b822087d: 100% ▕██████████████████▏  488 B                         [K
verifying sha256 digest ⠋ [K[?25h[?2026l[?2026h[?25l[A[A[A[A[A[A[1Gpulling manifest [K
pulling a8cc1361f314: 100% ▕██████████████████▏ 9.3 GB                         [K
pulling ae370d884f10: 100% ▕██████████████████▏ 1.7 KB                         [K
pulling d18a5cc71b84: 100% ▕██████████████████▏  11 KB                         [K
pulling cff3f395ef37: 100% ▕██████████████████▏  120 B                         [K
pulling 78b3b822087d: 100% ▕██████████████████▏  488 B                         [K
verifying sha256 digest ⠙ [K[?25h[?2026l[?2026h[?25l[A[A[A[A[A[A[1Gpulling manifest [K
pulling a8cc1361f314: 100% ▕██████████████████▏ 9.3 GB                         [K
pulling ae370d884f10: 100% ▕██████████████████▏ 1.7 KB                         [K
pulling d18a5cc71b84: 100% ▕██████████████████▏  11 KB                         [K
pulling cff3f395ef37: 100% ▕██████████████████▏  120 B                         [K
pulling 78b3b822087d: 100% ▕██████████████████▏  488 B                         [K
verifying sha256 digest ⠹ [K[?25h[?2026l[?2026h[?25l[A[A[A[A[A[A[1Gpulling manifest [K
pulling a8cc1361f314: 100% ▕██████████████████▏ 9.3 GB                         [K
pulling ae370d884f10: 100% ▕██████████████████▏ 1.7 KB                         [K
pulling d18a5cc71b84: 100% ▕██████████████████▏  11 KB                         [K
pulling cff3f395ef37: 100% ▕██████████████████▏  120 B                         [K
pulling 78b3b822087d: 100% ▕██████████████████▏  488 B                         [K
verifying sha256 digest ⠸ [K[?25h[?2026l[?2026h[?25l[A[A[A[A[A[A[1Gpulling manifest [K
pulling a8cc1361f314: 100% ▕██████████████████▏ 9.3 GB                         [K
pulling ae370d884f10: 100% ▕██████████████████▏ 1.7 KB                         [K
pulling d18a5cc71b84: 100% ▕██████████████████▏  11 KB                         [K
pulling cff3f395ef37: 100% ▕██████████████████▏  120 B                         [K
pulling 78b3b822087d: 100% ▕██████████████████▏  488 B                         [K
verifying sha256 digest ⠼ [K[?25h[?2026l[?2026h[?25l[A[A[A[A[A[A[1Gpulling manifest [K
pulling a8cc1361f314: 100% ▕██████████████████▏ 9.3 GB                         [K
pulling ae370d884f10: 100% ▕██████████████████▏ 1.7 KB                         [K
pulling d18a5cc71b84: 100% ▕██████████████████▏  11 KB                         [K
pulling cff3f395ef37: 100% ▕██████████████████▏  120 B                         [K
pulling 78b3b822087d: 100% ▕██████████████████▏  488 B                         [K
verifying sha256 digest ⠴ [K[?25h[?2026l[?2026h[?25l[A[A[A[A[A[A[1Gpulling manifest [K
pulling a8cc1361f314: 100% ▕██████████████████▏ 9.3 GB                         [K
pulling ae370d884f10: 100% ▕██████████████████▏ 1.7 KB                         [K
pulling d18a5cc71b84: 100% ▕██████████████████▏  11 KB                         [K
pulling cff3f395ef37: 100% ▕██████████████████▏  120 B                         [K
pulling 78b3b822087d: 100% ▕██████████████████▏  488 B                         [K
verifying sha256 digest ⠦ [K[?25h[?2026l[?2026h[?25l[A[A[A[A[A[A[1Gpulling manifest [K
pulling a8cc1361f314: 100% ▕██████████████████▏ 9.3 GB                         [K
pulling ae370d884f10: 100% ▕██████████████████▏ 1.7 KB                         [K
pulling d18a5cc71b84: 100% ▕██████████████████▏  11 KB                         [K
pulling cff3f395ef37: 100% ▕██████████████████▏  120 B                         [K
pulling 78b3b822087d: 100% ▕██████████████████▏  488 B                         [K
verifying sha256 digest ⠧ [K[?25h[?2026l[?2026h[?25l[A[A[A[A[A[A[1Gpulling manifest [K
pulling a8cc1361f314: 100% ▕██████████████████▏ 9.3 GB                         [K
pulling ae370d884f10: 100% ▕██████████████████▏ 1.7 KB                         [K
pulling d18a5cc71b84: 100% ▕██████████████████▏  11 KB                         [K
pulling cff3f395ef37: 100% ▕██████████████████▏  120 B                         [K
pulling 78b3b822087d: 100% ▕██████████████████▏  488 B                         [K
verifying sha256 digest ⠇ [K[?25h[?2026l[?2026h[?25l[A[A[A[A[A[A[1Gpulling manifest [K
pulling a8cc1361f314: 100% ▕██████████████████▏ 9.3 GB                         [K
pulling ae370d884f10: 100% ▕██████████████████▏ 1.7 KB                         [K
pulling d18a5cc71b84: 100% ▕██████████████████▏  11 KB                         [K
pulling cff3f395ef37: 100% ▕██████████████████▏  120 B                         [K
pulling 78b3b822087d: 100% ▕██████████████████▏  488 B                         [K
verifying sha256 digest ⠏ [K[?25h[?2026l[?2026h[?25l[A[A[A[A[A[A[1Gpulling manifest [K
pulling a8cc1361f314: 100% ▕██████████████████▏ 9.3 GB                         [K
pulling ae370d884f10: 100% ▕██████████████████▏ 1.7 KB                         [K
pulling d18a5cc71b84: 100% ▕██████████████████▏  11 KB                         [K
pulling cff3f395ef37: 100% ▕██████████████████▏  120 B                         [K
pulling 78b3b822087d: 100% ▕██████████████████▏  488 B                         [K
verifying sha256 digest ⠋ [K[?25h[?2026l[?2026h[?25l[A[A[A[A[A[A[1Gpulling manifest [K
pulling a8cc1361f314: 100% ▕██████████████████▏ 9.3 GB                         [K
pulling ae370d884f10: 100% ▕██████████████████▏ 1.7 KB                         [K
pulling d18a5cc71b84: 100% ▕██████████████████▏  11 KB                         [K
pulling cff3f395ef37: 100% ▕██████████████████▏  120 B                         [K
pulling 78b3b822087d: 100% ▕██████████████████▏  488 B                         [K
verifying sha256 digest ⠙ [K[?25h[?2026l[?2026h[?25l[A[A[A[A[A[A[1Gpulling manifest [K
pulling a8cc1361f314: 100% ▕██████████████████▏ 9.3 GB                         [K
pulling ae370d884f10: 100% ▕██████████████████▏ 1.7 KB                         [K
pulling d18a5cc71b84: 100% ▕██████████████████▏  11 KB                         [K
pulling cff3f395ef37: 100% ▕██████████████████▏  120 B                         [K
pulling 78b3b822087d: 100% ▕██████████████████▏  488 B                         [K
verifying sha256 digest ⠹ [K[?25h[?2026l[?2026h[?25l[A[A[A[A[A[A[1Gpulling manifest [K
pulling a8cc1361f314: 100% ▕██████████████████▏ 9.3 GB                         [K
pulling ae370d884f10: 100% ▕██████████████████▏ 1.7 KB                         [K
pulling d18a5cc71b84: 100% ▕██████████████████▏  11 KB                         [K
pulling cff3f395ef37: 100% ▕██████████████████▏  120 B                         [K
pulling 78b3b822087d: 100% ▕██████████████████▏  488 B                         [K
verifying sha256 digest ⠸ [K[?25h[?2026l[?2026h[?25l[A[A[A[A[A[A[1Gpulling manifest [K
pulling a8cc1361f314: 100% ▕██████████████████▏ 9.3 GB                         [K
pulling ae370d884f10: 100% ▕██████████████████▏ 1.7 KB                         [K
pulling d18a5cc71b84: 100% ▕██████████████████▏  11 KB                         [K
pulling cff3f395ef37: 100% ▕██████████████████▏  120 B                         [K
pulling 78b3b822087d: 100% ▕██████████████████▏  488 B                         [K
verifying sha256 digest ⠼ [K[?25h[?2026l[?2026h[?25l[A[A[A[A[A[A[1Gpulling manifest [K
pulling a8cc1361f314: 100% ▕██████████████████▏ 9.3 GB                         [K
pulling ae370d884f10: 100% ▕██████████████████▏ 1.7 KB                         [K
pulling d18a5cc71b84: 100% ▕██████████████████▏  11 KB                         [K
pulling cff3f395ef37: 100% ▕██████████████████▏  120 B                         [K
pulling 78b3b822087d: 100% ▕██████████████████▏  488 B                         [K
verifying sha256 digest ⠴ [K[?25h[?2026l[?2026h[?25l[A[A[A[A[A[A[1Gpulling manifest [K
pulling a8cc1361f314: 100% ▕██████████████████▏ 9.3 GB                         [K
pulling ae370d884f10: 100% ▕██████████████████▏ 1.7 KB                         [K
pulling d18a5cc71b84: 100% ▕██████████████████▏  11 KB                         [K
pulling cff3f395ef37: 100% ▕██████████████████▏  120 B                         [K
pulling 78b3b822087d: 100% ▕██████████████████▏  488 B                         [K
verifying sha256 digest ⠦ [K[?25h[?2026l[?2026h[?25l[A[A[A[A[A[A[1Gpulling manifest [K
pulling a8cc1361f314: 100% ▕██████████████████▏ 9.3 GB                         [K
pulling ae370d884f10: 100% ▕██████████████████▏ 1.7 KB                         [K
pulling d18a5cc71b84: 100% ▕██████████████████▏  11 KB                         [K
pulling cff3f395ef37: 100% ▕██████████████████▏  120 B                         [K
pulling 78b3b822087d: 100% ▕██████████████████▏  488 B                         [K
verifying sha256 digest ⠧ [K[?25h[?2026l[?2026h[?25l[A[A[A[A[A[A[1Gpulling manifest [K
pulling a8cc1361f314: 100% ▕██████████████████▏ 9.3 GB                         [K
pulling ae370d884f10: 100% ▕██████████████████▏ 1.7 KB                         [K
pulling d18a5cc71b84: 100% ▕██████████████████▏  11 KB                         [K
pulling cff3f395ef37: 100% ▕██████████████████▏  120 B                         [K
pulling 78b3b822087d: 100% ▕██████████████████▏  488 B                         [K
verifying sha256 digest ⠇ [K[?25h[?2026l[?2026h[?25l[A[A[A[A[A[A[1Gpulling manifest [K
pulling a8cc1361f314: 100% ▕██████████████████▏ 9.3 GB                         [K
pulling ae370d884f10: 100% ▕██████████████████▏ 1.7 KB                         [K
pulling d18a5cc71b84: 100% ▕██████████████████▏  11 KB                         [K
pulling cff3f395ef37: 100% ▕██████████████████▏  120 B                         [K
pulling 78b3b822087d: 100% ▕██████████████████▏  488 B                         [K
verifying sha256 digest ⠏ [K[?25h[?2026l[?2026h[?25l[A[A[A[A[A[A[1Gpulling manifest [K
pulling a8cc1361f314: 100% ▕██████████████████▏ 9.3 GB                         [K
pulling ae370d884f10: 100% ▕██████████████████▏ 1.7 KB                         [K
pulling d18a5cc71b84: 100% ▕██████████████████▏  11 KB                         [K
pulling cff3f395ef37: 100% ▕██████████████████▏  120 B                         [K
pulling 78b3b822087d: 100% ▕██████████████████▏  488 B                         [K
verifying sha256 digest ⠋ [K[?25h[?2026l[?2026h[?25l[A[A[A[A[A[A[1Gpulling manifest [K
pulling a8cc1361f314: 100% ▕██████████████████▏ 9.3 GB                         [K
pulling ae370d884f10: 100% ▕██████████████████▏ 1.7 KB                         [K
pulling d18a5cc71b84: 100% ▕██████████████████▏  11 KB                         [K
pulling cff3f395ef37: 100% ▕██████████████████▏  120 B                         [K
pulling 78b3b822087d: 100% ▕██████████████████▏  488 B                         [K
verifying sha256 digest ⠙ [K[?25h[?2026l[?2026h[?25l[A[A[A[A[A[A[1Gpulling manifest [K
pulling a8cc1361f314: 100% ▕██████████████████▏ 9.3 GB                         [K
pulling ae370d884f10: 100% ▕██████████████████▏ 1.7 KB                         [K
pulling d18a5cc71b84: 100% ▕██████████████████▏  11 KB                         [K
pulling cff3f395ef37: 100% ▕██████████████████▏  120 B                         [K
pulling 78b3b822087d: 100% ▕██████████████████▏  488 B                         [K
verifying sha256 digest ⠹ [K[?25h[?2026l[?2026h[?25l[A[A[A[A[A[A[1Gpulling manifest [K
pulling a8cc1361f314: 100% ▕██████████████████▏ 9.3 GB                         [K
pulling ae370d884f10: 100% ▕██████████████████▏ 1.7 KB                         [K
pulling d18a5cc71b84: 100% ▕██████████████████▏  11 KB                         [K
pulling cff3f395ef37: 100% ▕██████████████████▏  120 B                         [K
pulling 78b3b822087d: 100% ▕██████████████████▏  488 B                         [K
verifying sha256 digest ⠸ [K[?25h[?2026l[?2026h[?25l[A[A[A[A[A[A[1Gpulling manifest [K
pulling a8cc1361f314: 100% ▕██████████████████▏ 9.3 GB                         [K
pulling ae370d884f10: 100% ▕██████████████████▏ 1.7 KB                         [K
pulling d18a5cc71b84: 100% ▕██████████████████▏  11 KB                         [K
pulling cff3f395ef37: 100% ▕██████████████████▏  120 B                         [K
pulling 78b3b822087d: 100% ▕██████████████████▏  488 B                         [K
verifying sha256 digest ⠼ [K[?25h[?2026l[?2026h[?25l[A[A[A[A[A[A[1Gpulling manifest [K
pulling a8cc1361f314: 100% ▕██████████████████▏ 9.3 GB                         [K
pulling ae370d884f10: 100% ▕██████████████████▏ 1.7 KB                         [K
pulling d18a5cc71b84: 100% ▕██████████████████▏  11 KB                         [K
pulling cff3f395ef37: 100% ▕██████████████████▏  120 B                         [K
pulling 78b3b822087d: 100% ▕██████████████████▏  488 B                         [K
verifying sha256 digest ⠴ [K[?25h[?2026l[?2026h[?25l[A[A[A[A[A[A[1Gpulling manifest [K
pulling a8cc1361f314: 100% ▕██████████████████▏ 9.3 GB                         [K
pulling ae370d884f10: 100% ▕██████████████████▏ 1.7 KB                         [K
pulling d18a5cc71b84: 100% ▕██████████████████▏  11 KB                         [K
pulling cff3f395ef37: 100% ▕██████████████████▏  120 B                         [K
pulling 78b3b822087d: 100% ▕██████████████████▏  488 B                         [K
verifying sha256 digest ⠦ [K[?25h[?2026l[?2026h[?25l[A[A[A[A[A[A[1Gpulling manifest [K
pulling a8cc1361f314: 100% ▕██████████████████▏ 9.3 GB                         [K
pulling ae370d884f10: 100% ▕██████████████████▏ 1.7 KB                         [K
pulling d18a5cc71b84: 100% ▕██████████████████▏  11 KB                         [K
pulling cff3f395ef37: 100% ▕██████████████████▏  120 B                         [K
pulling 78b3b822087d: 100% ▕██████████████████▏  488 B                         [K
verifying sha256 digest ⠧ [K[?25h[?2026l[?2026h[?25l[A[A[A[A[A[A[1Gpulling manifest [K
pulling a8cc1361f314: 100% ▕██████████████████▏ 9.3 GB                         [K
pulling ae370d884f10: 100% ▕██████████████████▏ 1.7 KB                         [K
pulling d18a5cc71b84: 100% ▕██████████████████▏  11 KB                         [K
pulling cff3f395ef37: 100% ▕██████████████████▏  120 B                         [K
pulling 78b3b822087d: 100% ▕██████████████████▏  488 B                         [K
verifying sha256 digest ⠇ [K[?25h[?2026l[?2026h[?25l[A[A[A[A[A[A[1Gpulling manifest [K
pulling a8cc1361f314: 100% ▕██████████████████▏ 9.3 GB                         [K
pulling ae370d884f10: 100% ▕██████████████████▏ 1.7 KB                         [K
pulling d18a5cc71b84: 100% ▕██████████████████▏  11 KB                         [K
pulling cff3f395ef37: 100% ▕██████████████████▏  120 B                         [K
pulling 78b3b822087d: 100% ▕██████████████████▏  488 B                         [K
verifying sha256 digest ⠏ [K[?25h[?2026l[?2026h[?25l[A[A[A[A[A[A[1Gpulling manifest [K
pulling a8cc1361f314: 100% ▕██████████████████▏ 9.3 GB                         [K
pulling ae370d884f10: 100% ▕██████████████████▏ 1.7 KB                         [K
pulling d18a5cc71b84: 100% ▕██████████████████▏  11 KB                         [K
pulling cff3f395ef37: 100% ▕██████████████████▏  120 B                         [K
pulling 78b3b822087d: 100% ▕██████████████████▏  488 B                         [K
verifying sha256 digest ⠋ [K[?25h[?2026l[?2026h[?25l[A[A[A[A[A[A[1Gpulling manifest [K
pulling a8cc1361f314: 100% ▕██████████████████▏ 9.3 GB                         [K
pulling ae370d884f10: 100% ▕██████████████████▏ 1.7 KB                         [K
pulling d18a5cc71b84: 100% ▕██████████████████▏  11 KB                         [K
pulling cff3f395ef37: 100% ▕██████████████████▏  120 B                         [K
pulling 78b3b822087d: 100% ▕██████████████████▏  488 B                         [K
verifying sha256 digest ⠙ [K[?25h[?2026l[?2026h[?25l[A[A[A[A[A[A[1Gpulling manifest [K
pulling a8cc1361f314: 100% ▕██████████████████▏ 9.3 GB                         [K
pulling ae370d884f10: 100% ▕██████████████████▏ 1.7 KB                         [K
pulling d18a5cc71b84: 100% ▕██████████████████▏  11 KB                         [K
pulling cff3f395ef37: 100% ▕██████████████████▏  120 B                         [K
pulling 78b3b822087d: 100% ▕██████████████████▏  488 B                         [K
verifying sha256 digest ⠹ [K[?25h[?2026l[?2026h[?25l[A[A[A[A[A[A[1Gpulling manifest [K
pulling a8cc1361f314: 100% ▕██████████████████▏ 9.3 GB                         [K
pulling ae370d884f10: 100% ▕██████████████████▏ 1.7 KB                         [K
pulling d18a5cc71b84: 100% ▕██████████████████▏  11 KB                         [K
pulling cff3f395ef37: 100% ▕██████████████████▏  120 B                         [K
pulling 78b3b822087d: 100% ▕██████████████████▏  488 B                         [K
verifying sha256 digest ⠸ [K[?25h[?2026l[?2026h[?25l[A[A[A[A[A[A[1Gpulling manifest [K
pulling a8cc1361f314: 100% ▕██████████████████▏ 9.3 GB                         [K
pulling ae370d884f10: 100% ▕██████████████████▏ 1.7 KB                         [K
pulling d18a5cc71b84: 100% ▕██████████████████▏  11 KB                         [K
pulling cff3f395ef37: 100% ▕██████████████████▏  120 B                         [K
pulling 78b3b822087d: 100% ▕██████████████████▏  488 B                         [K
verifying sha256 digest ⠼ [K[?25h[?2026l[?2026h[?25l[A[A[A[A[A[A[1Gpulling manifest [K
pulling a8cc1361f314: 100% ▕██████████████████▏ 9.3 GB                         [K
pulling ae370d884f10: 100% ▕██████████████████▏ 1.7 KB                         [K
pulling d18a5cc71b84: 100% ▕██████████████████▏  11 KB                         [K
pulling cff3f395ef37: 100% ▕██████████████████▏  120 B                         [K
pulling 78b3b822087d: 100% ▕██████████████████▏  488 B                         [K
verifying sha256 digest ⠴ [K[?25h[?2026l[?2026h[?25l[A[A[A[A[A[A[1Gpulling manifest [K
pulling a8cc1361f314: 100% ▕██████████████████▏ 9.3 GB                         [K
pulling ae370d884f10: 100% ▕██████████████████▏ 1.7 KB                         [K
pulling d18a5cc71b84: 100% ▕██████████████████▏  11 KB                         [K
pulling cff3f395ef37: 100% ▕██████████████████▏  120 B                         [K
pulling 78b3b822087d: 100% ▕██████████████████▏  488 B                         [K
verifying sha256 digest ⠦ [K[?25h[?2026l[?2026h[?25l[A[A[A[A[A[A[1Gpulling manifest [K
pulling a8cc1361f314: 100% ▕██████████████████▏ 9.3 GB                         [K
pulling ae370d884f10: 100% ▕██████████████████▏ 1.7 KB                         [K
pulling d18a5cc71b84: 100% ▕██████████████████▏  11 KB                         [K
pulling cff3f395ef37: 100% ▕██████████████████▏  120 B                         [K
pulling 78b3b822087d: 100% ▕██████████████████▏  488 B                         [K
verifying sha256 digest ⠧ [K[?25h[?2026l[?2026h[?25l[A[A[A[A[A[A[1Gpulling manifest [K
pulling a8cc1361f314: 100% ▕██████████████████▏ 9.3 GB                         [K
pulling ae370d884f10: 100% ▕██████████████████▏ 1.7 KB                         [K
pulling d18a5cc71b84: 100% ▕██████████████████▏  11 KB                         [K
pulling cff3f395ef37: 100% ▕██████████████████▏  120 B                         [K
pulling 78b3b822087d: 100% ▕██████████████████▏  488 B                         [K
verifying sha256 digest ⠇ [K[?25h[?2026l[?2026h[?25l[A[A[A[A[A[A[1Gpulling manifest [K
pulling a8cc1361f314: 100% ▕██████████████████▏ 9.3 GB                         [K
pulling ae370d884f10: 100% ▕██████████████████▏ 1.7 KB                         [K
pulling d18a5cc71b84: 100% ▕██████████████████▏  11 KB                         [K
pulling cff3f395ef37: 100% ▕██████████████████▏  120 B                         [K
pulling 78b3b822087d: 100% ▕██████████████████▏  488 B                         [K
verifying sha256 digest ⠏ [K[?25h[?2026l[?2026h[?25l[A[A[A[A[A[A[1Gpulling manifest [K
pulling a8cc1361f314: 100% ▕██████████████████▏ 9.3 GB                         [K
pulling ae370d884f10: 100% ▕██████████████████▏ 1.7 KB                         [K
pulling d18a5cc71b84: 100% ▕██████████████████▏  11 KB                         [K
pulling cff3f395ef37: 100% ▕██████████████████▏  120 B                         [K
pulling 78b3b822087d: 100% ▕██████████████████▏  488 B                         [K
verifying sha256 digest ⠋ [K[?25h[?2026l[?2026h[?25l[A[A[A[A[A[A[1Gpulling manifest [K
pulling a8cc1361f314: 100% ▕██████████████████▏ 9.3 GB                         [K
pulling ae370d884f10: 100% ▕██████████████████▏ 1.7 KB                         [K
pulling d18a5cc71b84: 100% ▕██████████████████▏  11 KB                         [K
pulling cff3f395ef37: 100% ▕██████████████████▏  120 B                         [K
pulling 78b3b822087d: 100% ▕██████████████████▏  488 B                         [K
verifying sha256 digest ⠙ [K[?25h[?2026l[?2026h[?25l[A[A[A[A[A[A[1Gpulling manifest [K
pulling a8cc1361f314: 100% ▕██████████████████▏ 9.3 GB                         [K
pulling ae370d884f10: 100% ▕██████████████████▏ 1.7 KB                         [K
pulling d18a5cc71b84: 100% ▕██████████████████▏  11 KB                         [K
pulling cff3f395ef37: 100% ▕██████████████████▏  120 B                         [K
pulling 78b3b822087d: 100% ▕██████████████████▏  488 B                         [K
verifying sha256 digest ⠹ [K[?25h[?2026l[?2026h[?25l[A[A[A[A[A[A[1Gpulling manifest [K
pulling a8cc1361f314: 100% ▕██████████████████▏ 9.3 GB                         [K
pulling ae370d884f10: 100% ▕██████████████████▏ 1.7 KB                         [K
pulling d18a5cc71b84: 100% ▕██████████████████▏  11 KB                         [K
pulling cff3f395ef37: 100% ▕██████████████████▏  120 B                         [K
pulling 78b3b822087d: 100% ▕██████████████████▏  488 B                         [K
verifying sha256 digest ⠸ [K[?25h[?2026l[?2026h[?25l[A[A[A[A[A[A[1Gpulling manifest [K
pulling a8cc1361f314: 100% ▕██████████████████▏ 9.3 GB                         [K
pulling ae370d884f10: 100% ▕██████████████████▏ 1.7 KB                         [K
pulling d18a5cc71b84: 100% ▕██████████████████▏  11 KB                         [K
pulling cff3f395ef37: 100% ▕██████████████████▏  120 B                         [K
pulling 78b3b822087d: 100% ▕██████████████████▏  488 B                         [K
verifying sha256 digest ⠼ [K[?25h[?2026l[?2026h[?25l[A[A[A[A[A[A[1Gpulling manifest [K
pulling a8cc1361f314: 100% ▕██████████████████▏ 9.3 GB                         [K
pulling ae370d884f10: 100% ▕██████████████████▏ 1.7 KB                         [K
pulling d18a5cc71b84: 100% ▕██████████████████▏  11 KB                         [K
pulling cff3f395ef37: 100% ▕██████████████████▏  120 B                         [K
pulling 78b3b822087d: 100% ▕██████████████████▏  488 B                         [K
verifying sha256 digest ⠴ [K[?25h[?2026l[?2026h[?25l[A[A[A[A[A[A[1Gpulling manifest [K
pulling a8cc1361f314: 100% ▕██████████████████▏ 9.3 GB                         [K
pulling ae370d884f10: 100% ▕██████████████████▏ 1.7 KB                         [K
pulling d18a5cc71b84: 100% ▕██████████████████▏  11 KB                         [K
pulling cff3f395ef37: 100% ▕██████████████████▏  120 B                         [K
pulling 78b3b822087d: 100% ▕██████████████████▏  488 B                         [K
verifying sha256 digest ⠦ [K[?25h[?2026l[?2026h[?25l[A[A[A[A[A[A[1Gpulling manifest [K
pulling a8cc1361f314: 100% ▕██████████████████▏ 9.3 GB                         [K
pulling ae370d884f10: 100% ▕██████████████████▏ 1.7 KB                         [K
pulling d18a5cc71b84: 100% ▕██████████████████▏  11 KB                         [K
pulling cff3f395ef37: 100% ▕██████████████████▏  120 B                         [K
pulling 78b3b822087d: 100% ▕██████████████████▏  488 B                         [K
verifying sha256 digest ⠧ [K[?25h[?2026l[?2026h[?25l[A[A[A[A[A[A[1Gpulling manifest [K
pulling a8cc1361f314: 100% ▕██████████████████▏ 9.3 GB                         [K
pulling ae370d884f10: 100% ▕██████████████████▏ 1.7 KB                         [K
pulling d18a5cc71b84: 100% ▕██████████████████▏  11 KB                         [K
pulling cff3f395ef37: 100% ▕██████████████████▏  120 B                         [K
pulling 78b3b822087d: 100% ▕██████████████████▏  488 B                         [K
verifying sha256 digest ⠇ [K[?25h[?2026l[?2026h[?25l[A[A[A[A[A[A[1Gpulling manifest [K
pulling a8cc1361f314: 100% ▕██████████████████▏ 9.3 GB                         [K
pulling ae370d884f10: 100% ▕██████████████████▏ 1.7 KB                         [K
pulling d18a5cc71b84: 100% ▕██████████████████▏  11 KB                         [K
pulling cff3f395ef37: 100% ▕██████████████████▏  120 B                         [K
pulling 78b3b822087d: 100% ▕██████████████████▏  488 B                         [K
verifying sha256 digest ⠏ [K[?25h[?2026l[?2026h[?25l[A[A[A[A[A[A[1Gpulling manifest [K
pulling a8cc1361f314: 100% ▕██████████████████▏ 9.3 GB                         [K
pulling ae370d884f10: 100% ▕██████████████████▏ 1.7 KB                         [K
pulling d18a5cc71b84: 100% ▕██████████████████▏  11 KB                         [K
pulling cff3f395ef37: 100% ▕██████████████████▏  120 B                         [K
pulling 78b3b822087d: 100% ▕██████████████████▏  488 B                         [K
verifying sha256 digest ⠋ [K[?25h[?2026l[?2026h[?25l[A[A[A[A[A[A[1Gpulling manifest [K
pulling a8cc1361f314: 100% ▕██████████████████▏ 9.3 GB                         [K
pulling ae370d884f10: 100% ▕██████████████████▏ 1.7 KB                         [K
pulling d18a5cc71b84: 100% ▕██████████████████▏  11 KB                         [K
pulling cff3f395ef37: 100% ▕██████████████████▏  120 B                         [K
pulling 78b3b822087d: 100% ▕██████████████████▏  488 B                         [K
verifying sha256 digest ⠙ [K[?25h[?2026l[?2026h[?25l[A[A[A[A[A[A[1Gpulling manifest [K
pulling a8cc1361f314: 100% ▕██████████████████▏ 9.3 GB                         [K
pulling ae370d884f10: 100% ▕██████████████████▏ 1.7 KB                         [K
pulling d18a5cc71b84: 100% ▕██████████████████▏  11 KB                         [K
pulling cff3f395ef37: 100% ▕██████████████████▏  120 B                         [K
pulling 78b3b822087d: 100% ▕██████████████████▏  488 B                         [K
verifying sha256 digest ⠹ [K[?25h[?2026l[?2026h[?25l[A[A[A[A[A[A[1Gpulling manifest [K
pulling a8cc1361f314: 100% ▕██████████████████▏ 9.3 GB                         [K
pulling ae370d884f10: 100% ▕██████████████████▏ 1.7 KB                         [K
pulling d18a5cc71b84: 100% ▕██████████████████▏  11 KB                         [K
pulling cff3f395ef37: 100% ▕██████████████████▏  120 B                         [K
pulling 78b3b822087d: 100% ▕██████████████████▏  488 B                         [K
verifying sha256 digest ⠸ [K[?25h[?2026l[?2026h[?25l[A[A[A[A[A[A[1Gpulling manifest [K
pulling a8cc1361f314: 100% ▕██████████████████▏ 9.3 GB                         [K
pulling ae370d884f10: 100% ▕██████████████████▏ 1.7 KB                         [K
pulling d18a5cc71b84: 100% ▕██████████████████▏  11 KB                         [K
pulling cff3f395ef37: 100% ▕██████████████████▏  120 B                         [K
pulling 78b3b822087d: 100% ▕██████████████████▏  488 B                         [K
verifying sha256 digest ⠼ [K[?25h[?2026l[?2026h[?25l[A[A[A[A[A[A[1Gpulling manifest [K
pulling a8cc1361f314: 100% ▕██████████████████▏ 9.3 GB                         [K
pulling ae370d884f10: 100% ▕██████████████████▏ 1.7 KB                         [K
pulling d18a5cc71b84: 100% ▕██████████████████▏  11 KB                         [K
pulling cff3f395ef37: 100% ▕██████████████████▏  120 B                         [K
pulling 78b3b822087d: 100% ▕██████████████████▏  488 B                         [K
verifying sha256 digest ⠴ [K[?25h[?2026l[?2026h[?25l[A[A[A[A[A[A[1Gpulling manifest [K
pulling a8cc1361f314: 100% ▕██████████████████▏ 9.3 GB                         [K
pulling ae370d884f10: 100% ▕██████████████████▏ 1.7 KB                         [K
pulling d18a5cc71b84: 100% ▕██████████████████▏  11 KB                         [K
pulling cff3f395ef37: 100% ▕██████████████████▏  120 B                         [K
pulling 78b3b822087d: 100% ▕██████████████████▏  488 B                         [K
verifying sha256 digest ⠦ [K[?25h[?2026l[?2026h[?25l[A[A[A[A[A[A[1Gpulling manifest [K
pulling a8cc1361f314: 100% ▕██████████████████▏ 9.3 GB                         [K
pulling ae370d884f10: 100% ▕██████████████████▏ 1.7 KB                         [K
pulling d18a5cc71b84: 100% ▕██████████████████▏  11 KB                         [K
pulling cff3f395ef37: 100% ▕██████████████████▏  120 B                         [K
pulling 78b3b822087d: 100% ▕██████████████████▏  488 B                         [K
verifying sha256 digest ⠧ [K[?25h[?2026l[?2026h[?25l[A[A[A[A[A[A[1Gpulling manifest [K
pulling a8cc1361f314: 100% ▕██████████████████▏ 9.3 GB                         [K
pulling ae370d884f10: 100% ▕██████████████████▏ 1.7 KB                         [K
pulling d18a5cc71b84: 100% ▕██████████████████▏  11 KB                         [K
pulling cff3f395ef37: 100% ▕██████████████████▏  120 B                         [K
pulling 78b3b822087d: 100% ▕██████████████████▏  488 B                         [K
verifying sha256 digest ⠇ [K[?25h[?2026l[?2026h[?25l[A[A[A[A[A[A[1Gpulling manifest [K
pulling a8cc1361f314: 100% ▕██████████████████▏ 9.3 GB                         [K
pulling ae370d884f10: 100% ▕██████████████████▏ 1.7 KB                         [K
pulling d18a5cc71b84: 100% ▕██████████████████▏  11 KB                         [K
pulling cff3f395ef37: 100% ▕██████████████████▏  120 B                         [K
pulling 78b3b822087d: 100% ▕██████████████████▏  488 B                         [K
verifying sha256 digest ⠏ [K[?25h[?2026l[?2026h[?25l[A[A[A[A[A[A[1Gpulling manifest [K
pulling a8cc1361f314: 100% ▕██████████████████▏ 9.3 GB                         [K
pulling ae370d884f10: 100% ▕██████████████████▏ 1.7 KB                         [K
pulling d18a5cc71b84: 100% ▕██████████████████▏  11 KB                         [K
pulling cff3f395ef37: 100% ▕██████████████████▏  120 B                         [K
pulling 78b3b822087d: 100% ▕██████████████████▏  488 B                         [K
verifying sha256 digest ⠋ [K[?25h[?2026l[?2026h[?25l[A[A[A[A[A[A[1Gpulling manifest [K
pulling a8cc1361f314: 100% ▕██████████████████▏ 9.3 GB                         [K
pulling ae370d884f10: 100% ▕██████████████████▏ 1.7 KB                         [K
pulling d18a5cc71b84: 100% ▕██████████████████▏  11 KB                         [K
pulling cff3f395ef37: 100% ▕██████████████████▏  120 B                         [K
pulling 78b3b822087d: 100% ▕██████████████████▏  488 B                         [K
verifying sha256 digest ⠙ [K[?25h[?2026l[?2026h[?25l[A[A[A[A[A[A[1Gpulling manifest [K
pulling a8cc1361f314: 100% ▕██████████████████▏ 9.3 GB                         [K
pulling ae370d884f10: 100% ▕██████████████████▏ 1.7 KB                         [K
pulling d18a5cc71b84: 100% ▕██████████████████▏  11 KB                         [K
pulling cff3f395ef37: 100% ▕██████████████████▏  120 B                         [K
pulling 78b3b822087d: 100% ▕██████████████████▏  488 B                         [K
verifying sha256 digest ⠹ [K[?25h[?2026l[?2026h[?25l[A[A[A[A[A[A[1Gpulling manifest [K
pulling a8cc1361f314: 100% ▕██████████████████▏ 9.3 GB                         [K
pulling ae370d884f10: 100% ▕██████████████████▏ 1.7 KB                         [K
pulling d18a5cc71b84: 100% ▕██████████████████▏  11 KB                         [K
pulling cff3f395ef37: 100% ▕██████████████████▏  120 B                         [K
pulling 78b3b822087d: 100% ▕██████████████████▏  488 B                         [K
verifying sha256 digest ⠸ [K[?25h[?2026l[?2026h[?25l[A[A[A[A[A[A[1Gpulling manifest [K
pulling a8cc1361f314: 100% ▕██████████████████▏ 9.3 GB                         [K
pulling ae370d884f10: 100% ▕██████████████████▏ 1.7 KB                         [K
pulling d18a5cc71b84: 100% ▕██████████████████▏  11 KB                         [K
pulling cff3f395ef37: 100% ▕██████████████████▏  120 B                         [K
pulling 78b3b822087d: 100% ▕██████████████████▏  488 B                         [K
verifying sha256 digest ⠼ [K[?25h[?2026l[?2026h[?25l[A[A[A[A[A[A[1Gpulling manifest [K
pulling a8cc1361f314: 100% ▕██████████████████▏ 9.3 GB                         [K
pulling ae370d884f10: 100% ▕██████████████████▏ 1.7 KB                         [K
pulling d18a5cc71b84: 100% ▕██████████████████▏  11 KB                         [K
pulling cff3f395ef37: 100% ▕██████████████████▏  120 B                         [K
pulling 78b3b822087d: 100% ▕██████████████████▏  488 B                         [K
verifying sha256 digest ⠴ [K[?25h[?2026l[?2026h[?25l[A[A[A[A[A[A[1Gpulling manifest [K
pulling a8cc1361f314: 100% ▕██████████████████▏ 9.3 GB                         [K
pulling ae370d884f10: 100% ▕██████████████████▏ 1.7 KB                         [K
pulling d18a5cc71b84: 100% ▕██████████████████▏  11 KB                         [K
pulling cff3f395ef37: 100% ▕██████████████████▏  120 B                         [K
pulling 78b3b822087d: 100% ▕██████████████████▏  488 B                         [K
verifying sha256 digest ⠦ [K[?25h[?2026l[?2026h[?25l[A[A[A[A[A[A[1Gpulling manifest [K
pulling a8cc1361f314: 100% ▕██████████████████▏ 9.3 GB                         [K
pulling ae370d884f10: 100% ▕██████████████████▏ 1.7 KB                         [K
pulling d18a5cc71b84: 100% ▕██████████████████▏  11 KB                         [K
pulling cff3f395ef37: 100% ▕██████████████████▏  120 B                         [K
pulling 78b3b822087d: 100% ▕██████████████████▏  488 B                         [K
verifying sha256 digest ⠧ [K[?25h[?2026l[?2026h[?25l[A[A[A[A[A[A[1Gpulling manifest [K
pulling a8cc1361f314: 100% ▕██████████████████▏ 9.3 GB                         [K
pulling ae370d884f10: 100% ▕██████████████████▏ 1.7 KB                         [K
pulling d18a5cc71b84: 100% ▕██████████████████▏  11 KB                         [K
pulling cff3f395ef37: 100% ▕██████████████████▏  120 B                         [K
pulling 78b3b822087d: 100% ▕██████████████████▏  488 B                         [K
verifying sha256 digest ⠇ [K[?25h[?2026l[?2026h[?25l[A[A[A[A[A[A[1Gpulling manifest [K
pulling a8cc1361f314: 100% ▕██████████████████▏ 9.3 GB                         [K
pulling ae370d884f10: 100% ▕██████████████████▏ 1.7 KB                         [K
pulling d18a5cc71b84: 100% ▕██████████████████▏  11 KB                         [K
pulling cff3f395ef37: 100% ▕██████████████████▏  120 B                         [K
pulling 78b3b822087d: 100% ▕██████████████████▏  488 B                         [K
verifying sha256 digest ⠏ [K[?25h[?2026l[?2026h[?25l[A[A[A[A[A[A[1Gpulling manifest [K
pulling a8cc1361f314: 100% ▕██████████████████▏ 9.3 GB                         [K
pulling ae370d884f10: 100% ▕██████████████████▏ 1.7 KB                         [K
pulling d18a5cc71b84: 100% ▕██████████████████▏  11 KB                         [K
pulling cff3f395ef37: 100% ▕██████████████████▏  120 B                         [K
pulling 78b3b822087d: 100% ▕██████████████████▏  488 B                         [K
verifying sha256 digest ⠋ [K[?25h[?2026l[?2026h[?25l[A[A[A[A[A[A[1Gpulling manifest [K
pulling a8cc1361f314: 100% ▕██████████████████▏ 9.3 GB                         [K
pulling ae370d884f10: 100% ▕██████████████████▏ 1.7 KB                         [K
pulling d18a5cc71b84: 100% ▕██████████████████▏  11 KB                         [K
pulling cff3f395ef37: 100% ▕██████████████████▏  120 B                         [K
pulling 78b3b822087d: 100% ▕██████████████████▏  488 B                         [K
verifying sha256 digest ⠙ [K[?25h[?2026l[?2026h[?25l[A[A[A[A[A[A[1Gpulling manifest [K
pulling a8cc1361f314: 100% ▕██████████████████▏ 9.3 GB                         [K
pulling ae370d884f10: 100% ▕██████████████████▏ 1.7 KB                         [K
pulling d18a5cc71b84: 100% ▕██████████████████▏  11 KB                         [K
pulling cff3f395ef37: 100% ▕██████████████████▏  120 B                         [K
pulling 78b3b822087d: 100% ▕██████████████████▏  488 B                         [K
verifying sha256 digest ⠹ [K[?25h[?2026l[?2026h[?25l[A[A[A[A[A[A[1Gpulling manifest [K
pulling a8cc1361f314: 100% ▕██████████████████▏ 9.3 GB                         [K
pulling ae370d884f10: 100% ▕██████████████████▏ 1.7 KB                         [K
pulling d18a5cc71b84: 100% ▕██████████████████▏  11 KB                         [K
pulling cff3f395ef37: 100% ▕██████████████████▏  120 B                         [K
pulling 78b3b822087d: 100% ▕██████████████████▏  488 B                         [K
verifying sha256 digest ⠸ [K[?25h[?2026l[?2026h[?25l[A[A[A[A[A[A[1Gpulling manifest [K
pulling a8cc1361f314: 100% ▕██████████████████▏ 9.3 GB                         [K
pulling ae370d884f10: 100% ▕██████████████████▏ 1.7 KB                         [K
pulling d18a5cc71b84: 100% ▕██████████████████▏  11 KB                         [K
pulling cff3f395ef37: 100% ▕██████████████████▏  120 B                         [K
pulling 78b3b822087d: 100% ▕██████████████████▏  488 B                         [K
verifying sha256 digest ⠼ [K[?25h[?2026l[?2026h[?25l[A[A[A[A[A[A[1Gpulling manifest [K
pulling a8cc1361f314: 100% ▕██████████████████▏ 9.3 GB                         [K
pulling ae370d884f10: 100% ▕██████████████████▏ 1.7 KB                         [K
pulling d18a5cc71b84: 100% ▕██████████████████▏  11 KB                         [K
pulling cff3f395ef37: 100% ▕██████████████████▏  120 B                         [K
pulling 78b3b822087d: 100% ▕██████████████████▏  488 B                         [K
verifying sha256 digest ⠴ [K[?25h[?2026l[?2026h[?25l[A[A[A[A[A[A[1Gpulling manifest [K
pulling a8cc1361f314: 100% ▕██████████████████▏ 9.3 GB                         [K
pulling ae370d884f10: 100% ▕██████████████████▏ 1.7 KB                         [K
pulling d18a5cc71b84: 100% ▕██████████████████▏  11 KB                         [K
pulling cff3f395ef37: 100% ▕██████████████████▏  120 B                         [K
pulling 78b3b822087d: 100% ▕██████████████████▏  488 B                         [K
verifying sha256 digest ⠦ [K[?25h[?2026l[?2026h[?25l[A[A[A[A[A[A[1Gpulling manifest [K
pulling a8cc1361f314: 100% ▕██████████████████▏ 9.3 GB                         [K
pulling ae370d884f10: 100% ▕██████████████████▏ 1.7 KB                         [K
pulling d18a5cc71b84: 100% ▕██████████████████▏  11 KB                         [K
pulling cff3f395ef37: 100% ▕██████████████████▏  120 B                         [K
pulling 78b3b822087d: 100% ▕██████████████████▏  488 B                         [K
verifying sha256 digest ⠧ [K[?25h[?2026l[?2026h[?25l[A[A[A[A[A[A[1Gpulling manifest [K
pulling a8cc1361f314: 100% ▕██████████████████▏ 9.3 GB                         [K
pulling ae370d884f10: 100% ▕██████████████████▏ 1.7 KB                         [K
pulling d18a5cc71b84: 100% ▕██████████████████▏  11 KB                         [K
pulling cff3f395ef37: 100% ▕██████████████████▏  120 B                         [K
pulling 78b3b822087d: 100% ▕██████████████████▏  488 B                         [K
verifying sha256 digest ⠇ [K[?25h[?2026l[?2026h[?25l[A[A[A[A[A[A[1Gpulling manifest [K
pulling a8cc1361f314: 100% ▕██████████████████▏ 9.3 GB                         [K
pulling ae370d884f10: 100% ▕██████████████████▏ 1.7 KB                         [K
pulling d18a5cc71b84: 100% ▕██████████████████▏  11 KB                         [K
pulling cff3f395ef37: 100% ▕██████████████████▏  120 B                         [K
pulling 78b3b822087d: 100% ▕██████████████████▏  488 B                         [K
verifying sha256 digest ⠏ [K[?25h[?2026l[?2026h[?25l[A[A[A[A[A[A[1Gpulling manifest [K
pulling a8cc1361f314: 100% ▕██████████████████▏ 9.3 GB                         [K
pulling ae370d884f10: 100% ▕██████████████████▏ 1.7 KB                         [K
pulling d18a5cc71b84: 100% ▕██████████████████▏  11 KB                         [K
pulling cff3f395ef37: 100% ▕██████████████████▏  120 B                         [K
pulling 78b3b822087d: 100% ▕██████████████████▏  488 B                         [K
verifying sha256 digest ⠋ [K[?25h[?2026l[?2026h[?25l[A[A[A[A[A[A[1Gpulling manifest [K
pulling a8cc1361f314: 100% ▕██████████████████▏ 9.3 GB                         [K
pulling ae370d884f10: 100% ▕██████████████████▏ 1.7 KB                         [K
pulling d18a5cc71b84: 100% ▕██████████████████▏  11 KB                         [K
pulling cff3f395ef37: 100% ▕██████████████████▏  120 B                         [K
pulling 78b3b822087d: 100% ▕██████████████████▏  488 B                         [K
verifying sha256 digest ⠙ [K[?25h[?2026l[?2026h[?25l[A[A[A[A[A[A[1Gpulling manifest [K
pulling a8cc1361f314: 100% ▕██████████████████▏ 9.3 GB                         [K
pulling ae370d884f10: 100% ▕██████████████████▏ 1.7 KB                         [K
pulling d18a5cc71b84: 100% ▕██████████████████▏  11 KB                         [K
pulling cff3f395ef37: 100% ▕██████████████████▏  120 B                         [K
pulling 78b3b822087d: 100% ▕██████████████████▏  488 B                         [K
verifying sha256 digest ⠹ [K[?25h[?2026l[?2026h[?25l[A[A[A[A[A[A[1Gpulling manifest [K
pulling a8cc1361f314: 100% ▕██████████████████▏ 9.3 GB                         [K
pulling ae370d884f10: 100% ▕██████████████████▏ 1.7 KB                         [K
pulling d18a5cc71b84: 100% ▕██████████████████▏  11 KB                         [K
pulling cff3f395ef37: 100% ▕██████████████████▏  120 B                         [K
pulling 78b3b822087d: 100% ▕██████████████████▏  488 B                         [K
verifying sha256 digest ⠸ [K[?25h[?2026l[?2026h[?25l[A[A[A[A[A[A[1Gpulling manifest [K
pulling a8cc1361f314: 100% ▕██████████████████▏ 9.3 GB                         [K
pulling ae370d884f10: 100% ▕██████████████████▏ 1.7 KB                         [K
pulling d18a5cc71b84: 100% ▕██████████████████▏  11 KB                         [K
pulling cff3f395ef37: 100% ▕██████████████████▏  120 B                         [K
pulling 78b3b822087d: 100% ▕██████████████████▏  488 B                         [K
verifying sha256 digest ⠼ [K[?25h[?2026l[?2026h[?25l[A[A[A[A[A[A[1Gpulling manifest [K
pulling a8cc1361f314: 100% ▕██████████████████▏ 9.3 GB                         [K
pulling ae370d884f10: 100% ▕██████████████████▏ 1.7 KB                         [K
pulling d18a5cc71b84: 100% ▕██████████████████▏  11 KB                         [K
pulling cff3f395ef37: 100% ▕██████████████████▏  120 B                         [K
pulling 78b3b822087d: 100% ▕██████████████████▏  488 B                         [K
verifying sha256 digest ⠴ [K[?25h[?2026l[?2026h[?25l[A[A[A[A[A[A[1Gpulling manifest [K
pulling a8cc1361f314: 100% ▕██████████████████▏ 9.3 GB                         [K
pulling ae370d884f10: 100% ▕██████████████████▏ 1.7 KB                         [K
pulling d18a5cc71b84: 100% ▕██████████████████▏  11 KB                         [K
pulling cff3f395ef37: 100% ▕██████████████████▏  120 B                         [K
pulling 78b3b822087d: 100% ▕██████████████████▏  488 B                         [K
verifying sha256 digest ⠦ [K[?25h[?2026l[?2026h[?25l[A[A[A[A[A[A[1Gpulling manifest [K
pulling a8cc1361f314: 100% ▕██████████████████▏ 9.3 GB                         [K
pulling ae370d884f10: 100% ▕██████████████████▏ 1.7 KB                         [K
pulling d18a5cc71b84: 100% ▕██████████████████▏  11 KB                         [K
pulling cff3f395ef37: 100% ▕██████████████████▏  120 B                         [K
pulling 78b3b822087d: 100% ▕██████████████████▏  488 B                         [K
verifying sha256 digest ⠧ [K[?25h[?2026l[?2026h[?25l[A[A[A[A[A[A[1Gpulling manifest [K
pulling a8cc1361f314: 100% ▕██████████████████▏ 9.3 GB                         [K
pulling ae370d884f10: 100% ▕██████████████████▏ 1.7 KB                         [K
pulling d18a5cc71b84: 100% ▕██████████████████▏  11 KB                         [K
pulling cff3f395ef37: 100% ▕██████████████████▏  120 B                         [K
pulling 78b3b822087d: 100% ▕██████████████████▏  488 B                         [K
verifying sha256 digest ⠇ [K[?25h[?2026l[?2026h[?25l[A[A[A[A[A[A[1Gpulling manifest [K
pulling a8cc1361f314: 100% ▕██████████████████▏ 9.3 GB                         [K
pulling ae370d884f10: 100% ▕██████████████████▏ 1.7 KB                         [K
pulling d18a5cc71b84: 100% ▕██████████████████▏  11 KB                         [K
pulling cff3f395ef37: 100% ▕██████████████████▏  120 B                         [K
pulling 78b3b822087d: 100% ▕██████████████████▏  488 B                         [K
verifying sha256 digest ⠏ [K[?25h[?2026l[?2026h[?25l[A[A[A[A[A[A[1Gpulling manifest [K
pulling a8cc1361f314: 100% ▕██████████████████▏ 9.3 GB                         [K
pulling ae370d884f10: 100% ▕██████████████████▏ 1.7 KB                         [K
pulling d18a5cc71b84: 100% ▕██████████████████▏  11 KB                         [K
pulling cff3f395ef37: 100% ▕██████████████████▏  120 B                         [K
pulling 78b3b822087d: 100% ▕██████████████████▏  488 B                         [K
verifying sha256 digest ⠋ [K[?25h[?2026l[?2026h[?25l[A[A[A[A[A[A[1Gpulling manifest [K
pulling a8cc1361f314: 100% ▕██████████████████▏ 9.3 GB                         [K
pulling ae370d884f10: 100% ▕██████████████████▏ 1.7 KB                         [K
pulling d18a5cc71b84: 100% ▕██████████████████▏  11 KB                         [K
pulling cff3f395ef37: 100% ▕██████████████████▏  120 B                         [K
pulling 78b3b822087d: 100% ▕██████████████████▏  488 B                         [K
verifying sha256 digest ⠙ [K[?25h[?2026l[?2026h[?25l[A[A[A[A[A[A[1Gpulling manifest [K
pulling a8cc1361f314: 100% ▕██████████████████▏ 9.3 GB                         [K
pulling ae370d884f10: 100% ▕██████████████████▏ 1.7 KB                         [K
pulling d18a5cc71b84: 100% ▕██████████████████▏  11 KB                         [K
pulling cff3f395ef37: 100% ▕██████████████████▏  120 B                         [K
pulling 78b3b822087d: 100% ▕██████████████████▏  488 B                         [K
verifying sha256 digest ⠹ [K[?25h[?2026l[?2026h[?25l[A[A[A[A[A[A[1Gpulling manifest [K
pulling a8cc1361f314: 100% ▕██████████████████▏ 9.3 GB                         [K
pulling ae370d884f10: 100% ▕██████████████████▏ 1.7 KB                         [K
pulling d18a5cc71b84: 100% ▕██████████████████▏  11 KB                         [K
pulling cff3f395ef37: 100% ▕██████████████████▏  120 B                         [K
pulling 78b3b822087d: 100% ▕██████████████████▏  488 B                         [K
verifying sha256 digest ⠸ [K[?25h[?2026l[?2026h[?25l[A[A[A[A[A[A[1Gpulling manifest [K
pulling a8cc1361f314: 100% ▕██████████████████▏ 9.3 GB                         [K
pulling ae370d884f10: 100% ▕██████████████████▏ 1.7 KB                         [K
pulling d18a5cc71b84: 100% ▕██████████████████▏  11 KB                         [K
pulling cff3f395ef37: 100% ▕██████████████████▏  120 B                         [K
pulling 78b3b822087d: 100% ▕██████████████████▏  488 B                         [K
verifying sha256 digest ⠼ [K[?25h[?2026l[?2026h[?25l[A[A[A[A[A[A[1Gpulling manifest [K
pulling a8cc1361f314: 100% ▕██████████████████▏ 9.3 GB                         [K
pulling ae370d884f10: 100% ▕██████████████████▏ 1.7 KB                         [K
pulling d18a5cc71b84: 100% ▕██████████████████▏  11 KB                         [K
pulling cff3f395ef37: 100% ▕██████████████████▏  120 B                         [K
pulling 78b3b822087d: 100% ▕██████████████████▏  488 B                         [K
verifying sha256 digest ⠴ [K[?25h[?2026l[?2026h[?25l[A[A[A[A[A[A[1Gpulling manifest [K
pulling a8cc1361f314: 100% ▕██████████████████▏ 9.3 GB                         [K
pulling ae370d884f10: 100% ▕██████████████████▏ 1.7 KB                         [K
pulling d18a5cc71b84: 100% ▕██████████████████▏  11 KB                         [K
pulling cff3f395ef37: 100% ▕██████████████████▏  120 B                         [K
pulling 78b3b822087d: 100% ▕██████████████████▏  488 B                         [K
verifying sha256 digest ⠦ [K[?25h[?2026l[?2026h[?25l[A[A[A[A[A[A[1Gpulling manifest [K
pulling a8cc1361f314: 100% ▕██████████████████▏ 9.3 GB                         [K
pulling ae370d884f10: 100% ▕██████████████████▏ 1.7 KB                         [K
pulling d18a5cc71b84: 100% ▕██████████████████▏  11 KB                         [K
pulling cff3f395ef37: 100% ▕██████████████████▏  120 B                         [K
pulling 78b3b822087d: 100% ▕██████████████████▏  488 B                         [K
verifying sha256 digest ⠧ [K[?25h[?2026l[?2026h[?25l[A[A[A[A[A[A[1Gpulling manifest [K
pulling a8cc1361f314: 100% ▕██████████████████▏ 9.3 GB                         [K
pulling ae370d884f10: 100% ▕██████████████████▏ 1.7 KB                         [K
pulling d18a5cc71b84: 100% ▕██████████████████▏  11 KB                         [K
pulling cff3f395ef37: 100% ▕██████████████████▏  120 B                         [K
pulling 78b3b822087d: 100% ▕██████████████████▏  488 B                         [K
verifying sha256 digest ⠇ [K[?25h[?2026l[?2026h[?25l[A[A[A[A[A[A[1Gpulling manifest [K
pulling a8cc1361f314: 100% ▕██████████████████▏ 9.3 GB                         [K
pulling ae370d884f10: 100% ▕██████████████████▏ 1.7 KB                         [K
pulling d18a5cc71b84: 100% ▕██████████████████▏  11 KB                         [K
pulling cff3f395ef37: 100% ▕██████████████████▏  120 B                         [K
pulling 78b3b822087d: 100% ▕██████████████████▏  488 B                         [K
verifying sha256 digest ⠏ [K[?25h[?2026l[?2026h[?25l[A[A[A[A[A[A[1Gpulling manifest [K
pulling a8cc1361f314: 100% ▕██████████████████▏ 9.3 GB                         [K
pulling ae370d884f10: 100% ▕██████████████████▏ 1.7 KB                         [K
pulling d18a5cc71b84: 100% ▕██████████████████▏  11 KB                         [K
pulling cff3f395ef37: 100% ▕██████████████████▏  120 B                         [K
pulling 78b3b822087d: 100% ▕██████████████████▏  488 B                         [K
verifying sha256 digest ⠋ [K[?25h[?2026l[?2026h[?25l[A[A[A[A[A[A[1Gpulling manifest [K
pulling a8cc1361f314: 100% ▕██████████████████▏ 9.3 GB                         [K
pulling ae370d884f10: 100% ▕██████████████████▏ 1.7 KB                         [K
pulling d18a5cc71b84: 100% ▕██████████████████▏  11 KB                         [K
pulling cff3f395ef37: 100% ▕██████████████████▏  120 B                         [K
pulling 78b3b822087d: 100% ▕██████████████████▏  488 B                         [K
verifying sha256 digest ⠙ [K[?25h[?2026l[?2026h[?25l[A[A[A[A[A[A[1Gpulling manifest [K
pulling a8cc1361f314: 100% ▕██████████████████▏ 9.3 GB                         [K
pulling ae370d884f10: 100% ▕██████████████████▏ 1.7 KB                         [K
pulling d18a5cc71b84: 100% ▕██████████████████▏  11 KB                         [K
pulling cff3f395ef37: 100% ▕██████████████████▏  120 B                         [K
pulling 78b3b822087d: 100% ▕██████████████████▏  488 B                         [K
verifying sha256 digest ⠹ [K[?25h[?2026l[?2026h[?25l[A[A[A[A[A[A[1Gpulling manifest [K
pulling a8cc1361f314: 100% ▕██████████████████▏ 9.3 GB                         [K
pulling ae370d884f10: 100% ▕██████████████████▏ 1.7 KB                         [K
pulling d18a5cc71b84: 100% ▕██████████████████▏  11 KB                         [K
pulling cff3f395ef37: 100% ▕██████████████████▏  120 B                         [K
pulling 78b3b822087d: 100% ▕██████████████████▏  488 B                         [K
verifying sha256 digest ⠸ [K[?25h[?2026l[?2026h[?25l[A[A[A[A[A[A[1Gpulling manifest [K
pulling a8cc1361f314: 100% ▕██████████████████▏ 9.3 GB                         [K
pulling ae370d884f10: 100% ▕██████████████████▏ 1.7 KB                         [K
pulling d18a5cc71b84: 100% ▕██████████████████▏  11 KB                         [K
pulling cff3f395ef37: 100% ▕██████████████████▏  120 B                         [K
pulling 78b3b822087d: 100% ▕██████████████████▏  488 B                         [K
verifying sha256 digest ⠼ [K[?25h[?2026l[?2026h[?25l[A[A[A[A[A[A[1Gpulling manifest [K
pulling a8cc1361f314: 100% ▕██████████████████▏ 9.3 GB                         [K
pulling ae370d884f10: 100% ▕██████████████████▏ 1.7 KB                         [K
pulling d18a5cc71b84: 100% ▕██████████████████▏  11 KB                         [K
pulling cff3f395ef37: 100% ▕██████████████████▏  120 B                         [K
pulling 78b3b822087d: 100% ▕██████████████████▏  488 B                         [K
verifying sha256 digest ⠴ [K[?25h[?2026l[?2026h[?25l[A[A[A[A[A[A[1Gpulling manifest [K
pulling a8cc1361f314: 100% ▕██████████████████▏ 9.3 GB                         [K
pulling ae370d884f10: 100% ▕██████████████████▏ 1.7 KB                         [K
pulling d18a5cc71b84: 100% ▕██████████████████▏  11 KB                         [K
pulling cff3f395ef37: 100% ▕██████████████████▏  120 B                         [K
pulling 78b3b822087d: 100% ▕██████████████████▏  488 B                         [K
verifying sha256 digest ⠦ [K[?25h[?2026l[?2026h[?25l[A[A[A[A[A[A[1Gpulling manifest [K
pulling a8cc1361f314: 100% ▕██████████████████▏ 9.3 GB                         [K
pulling ae370d884f10: 100% ▕██████████████████▏ 1.7 KB                         [K
pulling d18a5cc71b84: 100% ▕██████████████████▏  11 KB                         [K
pulling cff3f395ef37: 100% ▕██████████████████▏  120 B                         [K
pulling 78b3b822087d: 100% ▕██████████████████▏  488 B                         [K
verifying sha256 digest ⠧ [K[?25h[?2026l[?2026h[?25l[A[A[A[A[A[A[1Gpulling manifest [K
pulling a8cc1361f314: 100% ▕██████████████████▏ 9.3 GB                         [K
pulling ae370d884f10: 100% ▕██████████████████▏ 1.7 KB                         [K
pulling d18a5cc71b84: 100% ▕██████████████████▏  11 KB                         [K
pulling cff3f395ef37: 100% ▕██████████████████▏  120 B                         [K
pulling 78b3b822087d: 100% ▕██████████████████▏  488 B                         [K
verifying sha256 digest ⠇ [K[?25h[?2026l[?2026h[?25l[A[A[A[A[A[A[1Gpulling manifest [K
pulling a8cc1361f314: 100% ▕██████████████████▏ 9.3 GB                         [K
pulling ae370d884f10: 100% ▕██████████████████▏ 1.7 KB                         [K
pulling d18a5cc71b84: 100% ▕██████████████████▏  11 KB                         [K
pulling cff3f395ef37: 100% ▕██████████████████▏  120 B                         [K
pulling 78b3b822087d: 100% ▕██████████████████▏  488 B                         [K
verifying sha256 digest ⠏ [K[?25h[?2026l[?2026h[?25l[A[A[A[A[A[A[1Gpulling manifest [K
pulling a8cc1361f314: 100% ▕██████████████████▏ 9.3 GB                         [K
pulling ae370d884f10: 100% ▕██████████████████▏ 1.7 KB                         [K
pulling d18a5cc71b84: 100% ▕██████████████████▏  11 KB                         [K
pulling cff3f395ef37: 100% ▕██████████████████▏  120 B                         [K
pulling 78b3b822087d: 100% ▕██████████████████▏  488 B                         [K
verifying sha256 digest ⠋ [K[?25h[?2026l[?2026h[?25l[A[A[A[A[A[A[1Gpulling manifest [K
pulling a8cc1361f314: 100% ▕██████████████████▏ 9.3 GB                         [K
pulling ae370d884f10: 100% ▕██████████████████▏ 1.7 KB                         [K
pulling d18a5cc71b84: 100% ▕██████████████████▏  11 KB                         [K
pulling cff3f395ef37: 100% ▕██████████████████▏  120 B                         [K
pulling 78b3b822087d: 100% ▕██████████████████▏  488 B                         [K
verifying sha256 digest ⠙ [K[?25h[?2026l[?2026h[?25l[A[A[A[A[A[A[1Gpulling manifest [K
pulling a8cc1361f314: 100% ▕██████████████████▏ 9.3 GB                         [K
pulling ae370d884f10: 100% ▕██████████████████▏ 1.7 KB                         [K
pulling d18a5cc71b84: 100% ▕██████████████████▏  11 KB                         [K
pulling cff3f395ef37: 100% ▕██████████████████▏  120 B                         [K
pulling 78b3b822087d: 100% ▕██████████████████▏  488 B                         [K
verifying sha256 digest ⠹ [K[?25h[?2026l[?2026h[?25l[A[A[A[A[A[A[1Gpulling manifest [K
pulling a8cc1361f314: 100% ▕██████████████████▏ 9.3 GB                         [K
pulling ae370d884f10: 100% ▕██████████████████▏ 1.7 KB                         [K
pulling d18a5cc71b84: 100% ▕██████████████████▏  11 KB                         [K
pulling cff3f395ef37: 100% ▕██████████████████▏  120 B                         [K
pulling 78b3b822087d: 100% ▕██████████████████▏  488 B                         [K
verifying sha256 digest ⠸ [K[?25h[?2026l[?2026h[?25l[A[A[A[A[A[A[1Gpulling manifest [K
pulling a8cc1361f314: 100% ▕██████████████████▏ 9.3 GB                         [K
pulling ae370d884f10: 100% ▕██████████████████▏ 1.7 KB                         [K
pulling d18a5cc71b84: 100% ▕██████████████████▏  11 KB                         [K
pulling cff3f395ef37: 100% ▕██████████████████▏  120 B                         [K
pulling 78b3b822087d: 100% ▕██████████████████▏  488 B                         [K
verifying sha256 digest ⠼ [K[?25h[?2026l[?2026h[?25l[A[A[A[A[A[A[1Gpulling manifest [K
pulling a8cc1361f314: 100% ▕██████████████████▏ 9.3 GB                         [K
pulling ae370d884f10: 100% ▕██████████████████▏ 1.7 KB                         [K
pulling d18a5cc71b84: 100% ▕██████████████████▏  11 KB                         [K
pulling cff3f395ef37: 100% ▕██████████████████▏  120 B                         [K
pulling 78b3b822087d: 100% ▕██████████████████▏  488 B                         [K
verifying sha256 digest ⠴ [K[?25h[?2026l[?2026h[?25l[A[A[A[A[A[A[1Gpulling manifest [K
pulling a8cc1361f314: 100% ▕██████████████████▏ 9.3 GB                         [K
pulling ae370d884f10: 100% ▕██████████████████▏ 1.7 KB                         [K
pulling d18a5cc71b84: 100% ▕██████████████████▏  11 KB                         [K
pulling cff3f395ef37: 100% ▕██████████████████▏  120 B                         [K
pulling 78b3b822087d: 100% ▕██████████████████▏  488 B                         [K
verifying sha256 digest ⠦ [K[?25h[?2026l[?2026h[?25l[A[A[A[A[A[A[1Gpulling manifest [K
pulling a8cc1361f314: 100% ▕██████████████████▏ 9.3 GB                         [K
pulling ae370d884f10: 100% ▕██████████████████▏ 1.7 KB                         [K
pulling d18a5cc71b84: 100% ▕██████████████████▏  11 KB                         [K
pulling cff3f395ef37: 100% ▕██████████████████▏  120 B                         [K
pulling 78b3b822087d: 100% ▕██████████████████▏  488 B                         [K
verifying sha256 digest ⠧ [K[?25h[?2026l[?2026h[?25l[A[A[A[A[A[A[1Gpulling manifest [K
pulling a8cc1361f314: 100% ▕██████████████████▏ 9.3 GB                         [K
pulling ae370d884f10: 100% ▕██████████████████▏ 1.7 KB                         [K
pulling d18a5cc71b84: 100% ▕██████████████████▏  11 KB                         [K
pulling cff3f395ef37: 100% ▕██████████████████▏  120 B                         [K
pulling 78b3b822087d: 100% ▕██████████████████▏  488 B                         [K
verifying sha256 digest ⠇ [K[?25h[?2026l[?2026h[?25l[A[A[A[A[A[A[1Gpulling manifest [K
pulling a8cc1361f314: 100% ▕██████████████████▏ 9.3 GB                         [K
pulling ae370d884f10: 100% ▕██████████████████▏ 1.7 KB                         [K
pulling d18a5cc71b84: 100% ▕██████████████████▏  11 KB                         [K
pulling cff3f395ef37: 100% ▕██████████████████▏  120 B                         [K
pulling 78b3b822087d: 100% ▕██████████████████▏  488 B                         [K
verifying sha256 digest ⠏ [K[?25h[?2026l[?2026h[?25l[A[A[A[A[A[A[1Gpulling manifest [K
pulling a8cc1361f314: 100% ▕██████████████████▏ 9.3 GB                         [K
pulling ae370d884f10: 100% ▕██████████████████▏ 1.7 KB                         [K
pulling d18a5cc71b84: 100% ▕██████████████████▏  11 KB                         [K
pulling cff3f395ef37: 100% ▕██████████████████▏  120 B                         [K
pulling 78b3b822087d: 100% ▕██████████████████▏  488 B                         [K
verifying sha256 digest ⠋ [K[?25h[?2026l[?2026h[?25l[A[A[A[A[A[A[1Gpulling manifest [K
pulling a8cc1361f314: 100% ▕██████████████████▏ 9.3 GB                         [K
pulling ae370d884f10: 100% ▕██████████████████▏ 1.7 KB                         [K
pulling d18a5cc71b84: 100% ▕██████████████████▏  11 KB                         [K
pulling cff3f395ef37: 100% ▕██████████████████▏  120 B                         [K
pulling 78b3b822087d: 100% ▕██████████████████▏  488 B                         [K
verifying sha256 digest ⠙ [K[?25h[?2026l[?2026h[?25l[A[A[A[A[A[A[1Gpulling manifest [K
pulling a8cc1361f314: 100% ▕██████████████████▏ 9.3 GB                         [K
pulling ae370d884f10: 100% ▕██████████████████▏ 1.7 KB                         [K
pulling d18a5cc71b84: 100% ▕██████████████████▏  11 KB                         [K
pulling cff3f395ef37: 100% ▕██████████████████▏  120 B                         [K
pulling 78b3b822087d: 100% ▕██████████████████▏  488 B                         [K
verifying sha256 digest ⠹ [K[?25h[?2026l[?2026h[?25l[A[A[A[A[A[A[1Gpulling manifest [K
pulling a8cc1361f314: 100% ▕██████████████████▏ 9.3 GB                         [K
pulling ae370d884f10: 100% ▕██████████████████▏ 1.7 KB                         [K
pulling d18a5cc71b84: 100% ▕██████████████████▏  11 KB                         [K
pulling cff3f395ef37: 100% ▕██████████████████▏  120 B                         [K
pulling 78b3b822087d: 100% ▕██████████████████▏  488 B                         [K
verifying sha256 digest ⠸ [K[?25h[?2026l[?2026h[?25l[A[A[A[A[A[A[1Gpulling manifest [K
pulling a8cc1361f314: 100% ▕██████████████████▏ 9.3 GB                         [K
pulling ae370d884f10: 100% ▕██████████████████▏ 1.7 KB                         [K
pulling d18a5cc71b84: 100% ▕██████████████████▏  11 KB                         [K
pulling cff3f395ef37: 100% ▕██████████████████▏  120 B                         [K
pulling 78b3b822087d: 100% ▕██████████████████▏  488 B                         [K
verifying sha256 digest ⠼ [K[?25h[?2026l[?2026h[?25l[A[A[A[A[A[A[1Gpulling manifest [K
pulling a8cc1361f314: 100% ▕██████████████████▏ 9.3 GB                         [K
pulling ae370d884f10: 100% ▕██████████████████▏ 1.7 KB                         [K
pulling d18a5cc71b84: 100% ▕██████████████████▏  11 KB                         [K
pulling cff3f395ef37: 100% ▕██████████████████▏  120 B                         [K
pulling 78b3b822087d: 100% ▕██████████████████▏  488 B                         [K
verifying sha256 digest ⠴ [K[?25h[?2026l[?2026h[?25l[A[A[A[A[A[A[1Gpulling manifest [K
pulling a8cc1361f314: 100% ▕██████████████████▏ 9.3 GB                         [K
pulling ae370d884f10: 100% ▕██████████████████▏ 1.7 KB                         [K
pulling d18a5cc71b84: 100% ▕██████████████████▏  11 KB                         [K
pulling cff3f395ef37: 100% ▕██████████████████▏  120 B                         [K
pulling 78b3b822087d: 100% ▕██████████████████▏  488 B                         [K
verifying sha256 digest ⠦ [K[?25h[?2026l[?2026h[?25l[A[A[A[A[A[A[1Gpulling manifest [K
pulling a8cc1361f314: 100% ▕██████████████████▏ 9.3 GB                         [K
pulling ae370d884f10: 100% ▕██████████████████▏ 1.7 KB                         [K
pulling d18a5cc71b84: 100% ▕██████████████████▏  11 KB                         [K
pulling cff3f395ef37: 100% ▕██████████████████▏  120 B                         [K
pulling 78b3b822087d: 100% ▕██████████████████▏  488 B                         [K
verifying sha256 digest ⠧ [K[?25h[?2026l[?2026h[?25l[A[A[A[A[A[A[1Gpulling manifest [K
pulling a8cc1361f314: 100% ▕██████████████████▏ 9.3 GB                         [K
pulling ae370d884f10: 100% ▕██████████████████▏ 1.7 KB                         [K
pulling d18a5cc71b84: 100% ▕██████████████████▏  11 KB                         [K
pulling cff3f395ef37: 100% ▕██████████████████▏  120 B                         [K
pulling 78b3b822087d: 100% ▕██████████████████▏  488 B                         [K
verifying sha256 digest ⠇ [K[?25h[?2026l[?2026h[?25l[A[A[A[A[A[A[1Gpulling manifest [K
pulling a8cc1361f314: 100% ▕██████████████████▏ 9.3 GB                         [K
pulling ae370d884f10: 100% ▕██████████████████▏ 1.7 KB                         [K
pulling d18a5cc71b84: 100% ▕██████████████████▏  11 KB                         [K
pulling cff3f395ef37: 100% ▕██████████████████▏  120 B                         [K
pulling 78b3b822087d: 100% ▕██████████████████▏  488 B                         [K
verifying sha256 digest ⠏ [K[?25h[?2026l[?2026h[?25l[A[A[A[A[A[A[1Gpulling manifest [K
pulling a8cc1361f314: 100% ▕██████████████████▏ 9.3 GB                         [K
pulling ae370d884f10: 100% ▕██████████████████▏ 1.7 KB                         [K
pulling d18a5cc71b84: 100% ▕██████████████████▏  11 KB                         [K
pulling cff3f395ef37: 100% ▕██████████████████▏  120 B                         [K
pulling 78b3b822087d: 100% ▕██████████████████▏  488 B                         [K
verifying sha256 digest ⠋ [K[?25h[?2026l[?2026h[?25l[A[A[A[A[A[A[1Gpulling manifest [K
pulling a8cc1361f314: 100% ▕██████████████████▏ 9.3 GB                         [K
pulling ae370d884f10: 100% ▕██████████████████▏ 1.7 KB                         [K
pulling d18a5cc71b84: 100% ▕██████████████████▏  11 KB                         [K
pulling cff3f395ef37: 100% ▕██████████████████▏  120 B                         [K
pulling 78b3b822087d: 100% ▕██████████████████▏  488 B                         [K
verifying sha256 digest ⠙ [K[?25h[?2026l[?2026h[?25l[A[A[A[A[A[A[1Gpulling manifest [K
pulling a8cc1361f314: 100% ▕██████████████████▏ 9.3 GB                         [K
pulling ae370d884f10: 100% ▕██████████████████▏ 1.7 KB                         [K
pulling d18a5cc71b84: 100% ▕██████████████████▏  11 KB                         [K
pulling cff3f395ef37: 100% ▕██████████████████▏  120 B                         [K
pulling 78b3b822087d: 100% ▕██████████████████▏  488 B                         [K
verifying sha256 digest ⠹ [K[?25h[?2026l[?2026h[?25l[A[A[A[A[A[A[1Gpulling manifest [K
pulling a8cc1361f314: 100% ▕██████████████████▏ 9.3 GB                         [K
pulling ae370d884f10: 100% ▕██████████████████▏ 1.7 KB                         [K
pulling d18a5cc71b84: 100% ▕██████████████████▏  11 KB                         [K
pulling cff3f395ef37: 100% ▕██████████████████▏  120 B                         [K
pulling 78b3b822087d: 100% ▕██████████████████▏  488 B                         [K
verifying sha256 digest ⠸ [K[?25h[?2026l[?2026h[?25l[A[A[A[A[A[A[1Gpulling manifest [K
pulling a8cc1361f314: 100% ▕██████████████████▏ 9.3 GB                         [K
pulling ae370d884f10: 100% ▕██████████████████▏ 1.7 KB                         [K
pulling d18a5cc71b84: 100% ▕██████████████████▏  11 KB                         [K
pulling cff3f395ef37: 100% ▕██████████████████▏  120 B                         [K
pulling 78b3b822087d: 100% ▕██████████████████▏  488 B                         [K
verifying sha256 digest ⠼ [K[?25h[?2026l[?2026h[?25l[A[A[A[A[A[A[1Gpulling manifest [K
pulling a8cc1361f314: 100% ▕██████████████████▏ 9.3 GB                         [K
pulling ae370d884f10: 100% ▕██████████████████▏ 1.7 KB                         [K
pulling d18a5cc71b84: 100% ▕██████████████████▏  11 KB                         [K
pulling cff3f395ef37: 100% ▕██████████████████▏  120 B                         [K
pulling 78b3b822087d: 100% ▕██████████████████▏  488 B                         [K
verifying sha256 digest ⠴ [K[?25h[?2026l[?2026h[?25l[A[A[A[A[A[A[1Gpulling manifest [K
pulling a8cc1361f314: 100% ▕██████████████████▏ 9.3 GB                         [K
pulling ae370d884f10: 100% ▕██████████████████▏ 1.7 KB                         [K
pulling d18a5cc71b84: 100% ▕██████████████████▏  11 KB                         [K
pulling cff3f395ef37: 100% ▕██████████████████▏  120 B                         [K
pulling 78b3b822087d: 100% ▕██████████████████▏  488 B                         [K
verifying sha256 digest ⠦ [K[?25h[?2026l[?2026h[?25l[A[A[A[A[A[A[1Gpulling manifest [K
pulling a8cc1361f314: 100% ▕██████████████████▏ 9.3 GB                         [K
pulling ae370d884f10: 100% ▕██████████████████▏ 1.7 KB                         [K
pulling d18a5cc71b84: 100% ▕██████████████████▏  11 KB                         [K
pulling cff3f395ef37: 100% ▕██████████████████▏  120 B                         [K
pulling 78b3b822087d: 100% ▕██████████████████▏  488 B                         [K
verifying sha256 digest ⠧ [K[?25h[?2026l[?2026h[?25l[A[A[A[A[A[A[1Gpulling manifest [K
pulling a8cc1361f314: 100% ▕██████████████████▏ 9.3 GB                         [K
pulling ae370d884f10: 100% ▕██████████████████▏ 1.7 KB                         [K
pulling d18a5cc71b84: 100% ▕██████████████████▏  11 KB                         [K
pulling cff3f395ef37: 100% ▕██████████████████▏  120 B                         [K
pulling 78b3b822087d: 100% ▕██████████████████▏  488 B                         [K
verifying sha256 digest ⠇ [K[?25h[?2026l[?2026h[?25l[A[A[A[A[A[A[1Gpulling manifest [K
pulling a8cc1361f314: 100% ▕██████████████████▏ 9.3 GB                         [K
pulling ae370d884f10: 100% ▕██████████████████▏ 1.7 KB                         [K
pulling d18a5cc71b84: 100% ▕██████████████████▏  11 KB                         [K
pulling cff3f395ef37: 100% ▕██████████████████▏  120 B                         [K
pulling 78b3b822087d: 100% ▕██████████████████▏  488 B                         [K
verifying sha256 digest ⠏ [K[?25h[?2026l[?2026h[?25l[A[A[A[A[A[A[1Gpulling manifest [K
pulling a8cc1361f314: 100% ▕██████████████████▏ 9.3 GB                         [K
pulling ae370d884f10: 100% ▕██████████████████▏ 1.7 KB                         [K
pulling d18a5cc71b84: 100% ▕██████████████████▏  11 KB                         [K
pulling cff3f395ef37: 100% ▕██████████████████▏  120 B                         [K
pulling 78b3b822087d: 100% ▕██████████████████▏  488 B                         [K
verifying sha256 digest ⠋ [K[?25h[?2026l[?2026h[?25l[A[A[A[A[A[A[1Gpulling manifest [K
pulling a8cc1361f314: 100% ▕██████████████████▏ 9.3 GB                         [K
pulling ae370d884f10: 100% ▕██████████████████▏ 1.7 KB                         [K
pulling d18a5cc71b84: 100% ▕██████████████████▏  11 KB                         [K
pulling cff3f395ef37: 100% ▕██████████████████▏  120 B                         [K
pulling 78b3b822087d: 100% ▕██████████████████▏  488 B                         [K
verifying sha256 digest ⠙ [K[?25h[?2026l[?2026h[?25l[A[A[A[A[A[A[1Gpulling manifest [K
pulling a8cc1361f314: 100% ▕██████████████████▏ 9.3 GB                         [K
pulling ae370d884f10: 100% ▕██████████████████▏ 1.7 KB                         [K
pulling d18a5cc71b84: 100% ▕██████████████████▏  11 KB                         [K
pulling cff3f395ef37: 100% ▕██████████████████▏  120 B                         [K
pulling 78b3b822087d: 100% ▕██████████████████▏  488 B                         [K
verifying sha256 digest ⠹ [K[?25h[?2026l[?2026h[?25l[A[A[A[A[A[A[1Gpulling manifest [K
pulling a8cc1361f314: 100% ▕██████████████████▏ 9.3 GB                         [K
pulling ae370d884f10: 100% ▕██████████████████▏ 1.7 KB                         [K
pulling d18a5cc71b84: 100% ▕██████████████████▏  11 KB                         [K
pulling cff3f395ef37: 100% ▕██████████████████▏  120 B                         [K
pulling 78b3b822087d: 100% ▕██████████████████▏  488 B                         [K
verifying sha256 digest ⠸ [K[?25h[?2026l[?2026h[?25l[A[A[A[A[A[A[1Gpulling manifest [K
pulling a8cc1361f314: 100% ▕██████████████████▏ 9.3 GB                         [K
pulling ae370d884f10: 100% ▕██████████████████▏ 1.7 KB                         [K
pulling d18a5cc71b84: 100% ▕██████████████████▏  11 KB                         [K
pulling cff3f395ef37: 100% ▕██████████████████▏  120 B                         [K
pulling 78b3b822087d: 100% ▕██████████████████▏  488 B                         [K
verifying sha256 digest ⠼ [K[?25h[?2026l[?2026h[?25l[A[A[A[A[A[A[1Gpulling manifest [K
pulling a8cc1361f314: 100% ▕██████████████████▏ 9.3 GB                         [K
pulling ae370d884f10: 100% ▕██████████████████▏ 1.7 KB                         [K
pulling d18a5cc71b84: 100% ▕██████████████████▏  11 KB                         [K
pulling cff3f395ef37: 100% ▕██████████████████▏  120 B                         [K
pulling 78b3b822087d: 100% ▕██████████████████▏  488 B                         [K
verifying sha256 digest ⠴ [K[?25h[?2026l[?2026h[?25l[A[A[A[A[A[A[1Gpulling manifest [K
pulling a8cc1361f314: 100% ▕██████████████████▏ 9.3 GB                         [K
pulling ae370d884f10: 100% ▕██████████████████▏ 1.7 KB                         [K
pulling d18a5cc71b84: 100% ▕██████████████████▏  11 KB                         [K
pulling cff3f395ef37: 100% ▕██████████████████▏  120 B                         [K
pulling 78b3b822087d: 100% ▕██████████████████▏  488 B                         [K
verifying sha256 digest ⠦ [K[?25h[?2026l[?2026h[?25l[A[A[A[A[A[A[1Gpulling manifest [K
pulling a8cc1361f314: 100% ▕██████████████████▏ 9.3 GB                         [K
pulling ae370d884f10: 100% ▕██████████████████▏ 1.7 KB                         [K
pulling d18a5cc71b84: 100% ▕██████████████████▏  11 KB                         [K
pulling cff3f395ef37: 100% ▕██████████████████▏  120 B                         [K
pulling 78b3b822087d: 100% ▕██████████████████▏  488 B                         [K
verifying sha256 digest ⠧ [K[?25h[?2026l[?2026h[?25l[A[A[A[A[A[A[1Gpulling manifest [K
pulling a8cc1361f314: 100% ▕██████████████████▏ 9.3 GB                         [K
pulling ae370d884f10: 100% ▕██████████████████▏ 1.7 KB                         [K
pulling d18a5cc71b84: 100% ▕██████████████████▏  11 KB                         [K
pulling cff3f395ef37: 100% ▕██████████████████▏  120 B                         [K
pulling 78b3b822087d: 100% ▕██████████████████▏  488 B                         [K
verifying sha256 digest ⠇ [K[?25h[?2026l[?2026h[?25l[A[A[A[A[A[A[1Gpulling manifest [K
pulling a8cc1361f314: 100% ▕██████████████████▏ 9.3 GB                         [K
pulling ae370d884f10: 100% ▕██████████████████▏ 1.7 KB                         [K
pulling d18a5cc71b84: 100% ▕██████████████████▏  11 KB                         [K
pulling cff3f395ef37: 100% ▕██████████████████▏  120 B                         [K
pulling 78b3b822087d: 100% ▕██████████████████▏  488 B                         [K
verifying sha256 digest ⠏ [K[?25h[?2026l[?2026h[?25l[A[A[A[A[A[A[1Gpulling manifest [K
pulling a8cc1361f314: 100% ▕██████████████████▏ 9.3 GB                         [K
pulling ae370d884f10: 100% ▕██████████████████▏ 1.7 KB                         [K
pulling d18a5cc71b84: 100% ▕██████████████████▏  11 KB                         [K
pulling cff3f395ef37: 100% ▕██████████████████▏  120 B                         [K
pulling 78b3b822087d: 100% ▕██████████████████▏  488 B                         [K
verifying sha256 digest ⠋ [K[?25h[?2026l[?2026h[?25l[A[A[A[A[A[A[1Gpulling manifest [K
pulling a8cc1361f314: 100% ▕██████████████████▏ 9.3 GB                         [K
pulling ae370d884f10: 100% ▕██████████████████▏ 1.7 KB                         [K
pulling d18a5cc71b84: 100% ▕██████████████████▏  11 KB                         [K
pulling cff3f395ef37: 100% ▕██████████████████▏  120 B                         [K
pulling 78b3b822087d: 100% ▕██████████████████▏  488 B                         [K
verifying sha256 digest ⠙ [K[?25h[?2026l[?2026h[?25l[A[A[A[A[A[A[1Gpulling manifest [K
pulling a8cc1361f314: 100% ▕██████████████████▏ 9.3 GB                         [K
pulling ae370d884f10: 100% ▕██████████████████▏ 1.7 KB                         [K
pulling d18a5cc71b84: 100% ▕██████████████████▏  11 KB                         [K
pulling cff3f395ef37: 100% ▕██████████████████▏  120 B                         [K
pulling 78b3b822087d: 100% ▕██████████████████▏  488 B                         [K
verifying sha256 digest ⠹ [K[?25h[?2026l[?2026h[?25l[A[A[A[A[A[A[1Gpulling manifest [K
pulling a8cc1361f314: 100% ▕██████████████████▏ 9.3 GB                         [K
pulling ae370d884f10: 100% ▕██████████████████▏ 1.7 KB                         [K
pulling d18a5cc71b84: 100% ▕██████████████████▏  11 KB                         [K
pulling cff3f395ef37: 100% ▕██████████████████▏  120 B                         [K
pulling 78b3b822087d: 100% ▕██████████████████▏  488 B                         [K
verifying sha256 digest ⠸ [K[?25h[?2026l[?2026h[?25l[A[A[A[A[A[A[1Gpulling manifest [K
pulling a8cc1361f314: 100% ▕██████████████████▏ 9.3 GB                         [K
pulling ae370d884f10: 100% ▕██████████████████▏ 1.7 KB                         [K
pulling d18a5cc71b84: 100% ▕██████████████████▏  11 KB                         [K
pulling cff3f395ef37: 100% ▕██████████████████▏  120 B                         [K
pulling 78b3b822087d: 100% ▕██████████████████▏  488 B                         [K
verifying sha256 digest ⠼ [K[?25h[?2026l[?2026h[?25l[A[A[A[A[A[A[1Gpulling manifest [K
pulling a8cc1361f314: 100% ▕██████████████████▏ 9.3 GB                         [K
pulling ae370d884f10: 100% ▕██████████████████▏ 1.7 KB                         [K
pulling d18a5cc71b84: 100% ▕██████████████████▏  11 KB                         [K
pulling cff3f395ef37: 100% ▕██████████████████▏  120 B                         [K
pulling 78b3b822087d: 100% ▕██████████████████▏  488 B                         [K
verifying sha256 digest ⠴ [K[?25h[?2026l[?2026h[?25l[A[A[A[A[A[A[1Gpulling manifest [K
pulling a8cc1361f314: 100% ▕██████████████████▏ 9.3 GB                         [K
pulling ae370d884f10: 100% ▕██████████████████▏ 1.7 KB                         [K
pulling d18a5cc71b84: 100% ▕██████████████████▏  11 KB                         [K
pulling cff3f395ef37: 100% ▕██████████████████▏  120 B                         [K
pulling 78b3b822087d: 100% ▕██████████████████▏  488 B                         [K
verifying sha256 digest ⠦ [K[?25h[?2026l[?2026h[?25l[A[A[A[A[A[A[1Gpulling manifest [K
pulling a8cc1361f314: 100% ▕██████████████████▏ 9.3 GB                         [K
pulling ae370d884f10: 100% ▕██████████████████▏ 1.7 KB                         [K
pulling d18a5cc71b84: 100% ▕██████████████████▏  11 KB                         [K
pulling cff3f395ef37: 100% ▕██████████████████▏  120 B                         [K
pulling 78b3b822087d: 100% ▕██████████████████▏  488 B                         [K
verifying sha256 digest ⠧ [K[?25h[?2026l[?2026h[?25l[A[A[A[A[A[A[1Gpulling manifest [K
pulling a8cc1361f314: 100% ▕██████████████████▏ 9.3 GB                         [K
pulling ae370d884f10: 100% ▕██████████████████▏ 1.7 KB                         [K
pulling d18a5cc71b84: 100% ▕██████████████████▏  11 KB                         [K
pulling cff3f395ef37: 100% ▕██████████████████▏  120 B                         [K
pulling 78b3b822087d: 100% ▕██████████████████▏  488 B                         [K
verifying sha256 digest ⠇ [K[?25h[?2026l[?2026h[?25l[A[A[A[A[A[A[1Gpulling manifest [K
pulling a8cc1361f314: 100% ▕██████████████████▏ 9.3 GB                         [K
pulling ae370d884f10: 100% ▕██████████████████▏ 1.7 KB                         [K
pulling d18a5cc71b84: 100% ▕██████████████████▏  11 KB                         [K
pulling cff3f395ef37: 100% ▕██████████████████▏  120 B                         [K
pulling 78b3b822087d: 100% ▕██████████████████▏  488 B                         [K
verifying sha256 digest ⠏ [K[?25h[?2026l[?2026h[?25l[A[A[A[A[A[A[1Gpulling manifest [K
pulling a8cc1361f314: 100% ▕██████████████████▏ 9.3 GB                         [K
pulling ae370d884f10: 100% ▕██████████████████▏ 1.7 KB                         [K
pulling d18a5cc71b84: 100% ▕██████████████████▏  11 KB                         [K
pulling cff3f395ef37: 100% ▕██████████████████▏  120 B                         [K
pulling 78b3b822087d: 100% ▕██████████████████▏  488 B                         [K
verifying sha256 digest ⠋ [K[?25h[?2026l[?2026h[?25l[A[A[A[A[A[A[1Gpulling manifest [K
pulling a8cc1361f314: 100% ▕██████████████████▏ 9.3 GB                         [K
pulling ae370d884f10: 100% ▕██████████████████▏ 1.7 KB                         [K
pulling d18a5cc71b84: 100% ▕██████████████████▏  11 KB                         [K
pulling cff3f395ef37: 100% ▕██████████████████▏  120 B                         [K
pulling 78b3b822087d: 100% ▕██████████████████▏  488 B                         [K
verifying sha256 digest ⠙ [K[?25h[?2026l[?2026h[?25l[A[A[A[A[A[A[1Gpulling manifest [K
pulling a8cc1361f314: 100% ▕██████████████████▏ 9.3 GB                         [K
pulling ae370d884f10: 100% ▕██████████████████▏ 1.7 KB                         [K
pulling d18a5cc71b84: 100% ▕██████████████████▏  11 KB                         [K
pulling cff3f395ef37: 100% ▕██████████████████▏  120 B                         [K
pulling 78b3b822087d: 100% ▕██████████████████▏  488 B                         [K
verifying sha256 digest ⠹ [K[?25h[?2026l[?2026h[?25l[A[A[A[A[A[A[1Gpulling manifest [K
pulling a8cc1361f314: 100% ▕██████████████████▏ 9.3 GB                         [K
pulling ae370d884f10: 100% ▕██████████████████▏ 1.7 KB                         [K
pulling d18a5cc71b84: 100% ▕██████████████████▏  11 KB                         [K
pulling cff3f395ef37: 100% ▕██████████████████▏  120 B                         [K
pulling 78b3b822087d: 100% ▕██████████████████▏  488 B                         [K
verifying sha256 digest ⠸ [K[?25h[?2026l[?2026h[?25l[A[A[A[A[A[A[1Gpulling manifest [K
pulling a8cc1361f314: 100% ▕██████████████████▏ 9.3 GB                         [K
pulling ae370d884f10: 100% ▕██████████████████▏ 1.7 KB                         [K
pulling d18a5cc71b84: 100% ▕██████████████████▏  11 KB                         [K
pulling cff3f395ef37: 100% ▕██████████████████▏  120 B                         [K
pulling 78b3b822087d: 100% ▕██████████████████▏  488 B                         [K
verifying sha256 digest ⠼ [K[?25h[?2026l[?2026h[?25l[A[A[A[A[A[A[1Gpulling manifest [K
pulling a8cc1361f314: 100% ▕██████████████████▏ 9.3 GB                         [K
pulling ae370d884f10: 100% ▕██████████████████▏ 1.7 KB                         [K
pulling d18a5cc71b84: 100% ▕██████████████████▏  11 KB                         [K
pulling cff3f395ef37: 100% ▕██████████████████▏  120 B                         [K
pulling 78b3b822087d: 100% ▕██████████████████▏  488 B                         [K
verifying sha256 digest ⠴ [K[?25h[?2026l[?2026h[?25l[A[A[A[A[A[A[1Gpulling manifest [K
pulling a8cc1361f314: 100% ▕██████████████████▏ 9.3 GB                         [K
pulling ae370d884f10: 100% ▕██████████████████▏ 1.7 KB                         [K
pulling d18a5cc71b84: 100% ▕██████████████████▏  11 KB                         [K
pulling cff3f395ef37: 100% ▕██████████████████▏  120 B                         [K
pulling 78b3b822087d: 100% ▕██████████████████▏  488 B                         [K
verifying sha256 digest ⠦ [K[?25h[?2026l[?2026h[?25l[A[A[A[A[A[A[1Gpulling manifest [K
pulling a8cc1361f314: 100% ▕██████████████████▏ 9.3 GB                         [K
pulling ae370d884f10: 100% ▕██████████████████▏ 1.7 KB                         [K
pulling d18a5cc71b84: 100% ▕██████████████████▏  11 KB                         [K
pulling cff3f395ef37: 100% ▕██████████████████▏  120 B                         [K
pulling 78b3b822087d: 100% ▕██████████████████▏  488 B                         [K
verifying sha256 digest ⠧ [K[?25h[?2026l[?2026h[?25l[A[A[A[A[A[A[1Gpulling manifest [K
pulling a8cc1361f314: 100% ▕██████████████████▏ 9.3 GB                         [K
pulling ae370d884f10: 100% ▕██████████████████▏ 1.7 KB                         [K
pulling d18a5cc71b84: 100% ▕██████████████████▏  11 KB                         [K
pulling cff3f395ef37: 100% ▕██████████████████▏  120 B                         [K
pulling 78b3b822087d: 100% ▕██████████████████▏  488 B                         [K
verifying sha256 digest ⠇ [K[?25h[?2026l[?2026h[?25l[A[A[A[A[A[A[1Gpulling manifest [K
pulling a8cc1361f314: 100% ▕██████████████████▏ 9.3 GB                         [K
pulling ae370d884f10: 100% ▕██████████████████▏ 1.7 KB                         [K
pulling d18a5cc71b84: 100% ▕██████████████████▏  11 KB                         [K
pulling cff3f395ef37: 100% ▕██████████████████▏  120 B                         [K
pulling 78b3b822087d: 100% ▕██████████████████▏  488 B                         [K
verifying sha256 digest ⠏ [K[?25h[?2026l[?2026h[?25l[A[A[A[A[A[A[1Gpulling manifest [K
pulling a8cc1361f314: 100% ▕██████████████████▏ 9.3 GB                         [K
pulling ae370d884f10: 100% ▕██████████████████▏ 1.7 KB                         [K
pulling d18a5cc71b84: 100% ▕██████████████████▏  11 KB                         [K
pulling cff3f395ef37: 100% ▕██████████████████▏  120 B                         [K
pulling 78b3b822087d: 100% ▕██████████████████▏  488 B                         [K
verifying sha256 digest ⠋ [K[?25h[?2026l[?2026h[?25l[A[A[A[A[A[A[1Gpulling manifest [K
pulling a8cc1361f314: 100% ▕██████████████████▏ 9.3 GB                         [K
pulling ae370d884f10: 100% ▕██████████████████▏ 1.7 KB                         [K
pulling d18a5cc71b84: 100% ▕██████████████████▏  11 KB                         [K
pulling cff3f395ef37: 100% ▕██████████████████▏  120 B                         [K
pulling 78b3b822087d: 100% ▕██████████████████▏  488 B                         [K
verifying sha256 digest ⠙ [K[?25h[?2026l[?2026h[?25l[A[A[A[A[A[A[1Gpulling manifest [K
pulling a8cc1361f314: 100% ▕██████████████████▏ 9.3 GB                         [K
pulling ae370d884f10: 100% ▕██████████████████▏ 1.7 KB                         [K
pulling d18a5cc71b84: 100% ▕██████████████████▏  11 KB                         [K
pulling cff3f395ef37: 100% ▕██████████████████▏  120 B                         [K
pulling 78b3b822087d: 100% ▕██████████████████▏  488 B                         [K
verifying sha256 digest ⠹ [K[?25h[?2026l[?2026h[?25l[A[A[A[A[A[A[1Gpulling manifest [K
pulling a8cc1361f314: 100% ▕██████████████████▏ 9.3 GB                         [K
pulling ae370d884f10: 100% ▕██████████████████▏ 1.7 KB                         [K
pulling d18a5cc71b84: 100% ▕██████████████████▏  11 KB                         [K
pulling cff3f395ef37: 100% ▕██████████████████▏  120 B                         [K
pulling 78b3b822087d: 100% ▕██████████████████▏  488 B                         [K
verifying sha256 digest ⠸ [K[?25h[?2026l[?2026h[?25l[A[A[A[A[A[A[1Gpulling manifest [K
pulling a8cc1361f314: 100% ▕██████████████████▏ 9.3 GB                         [K
pulling ae370d884f10: 100% ▕██████████████████▏ 1.7 KB                         [K
pulling d18a5cc71b84: 100% ▕██████████████████▏  11 KB                         [K
pulling cff3f395ef37: 100% ▕██████████████████▏  120 B                         [K
pulling 78b3b822087d: 100% ▕██████████████████▏  488 B                         [K
verifying sha256 digest ⠼ [K[?25h[?2026l[?2026h[?25l[A[A[A[A[A[A[1Gpulling manifest [K
pulling a8cc1361f314: 100% ▕██████████████████▏ 9.3 GB                         [K
pulling ae370d884f10: 100% ▕██████████████████▏ 1.7 KB                         [K
pulling d18a5cc71b84: 100% ▕██████████████████▏  11 KB                         [K
pulling cff3f395ef37: 100% ▕██████████████████▏  120 B                         [K
pulling 78b3b822087d: 100% ▕██████████████████▏  488 B                         [K
verifying sha256 digest ⠴ [K[?25h[?2026l[?2026h[?25l[A[A[A[A[A[A[1Gpulling manifest [K
pulling a8cc1361f314: 100% ▕██████████████████▏ 9.3 GB                         [K
pulling ae370d884f10: 100% ▕██████████████████▏ 1.7 KB                         [K
pulling d18a5cc71b84: 100% ▕██████████████████▏  11 KB                         [K
pulling cff3f395ef37: 100% ▕██████████████████▏  120 B                         [K
pulling 78b3b822087d: 100% ▕██████████████████▏  488 B                         [K
verifying sha256 digest ⠦ [K[?25h[?2026l[?2026h[?25l[A[A[A[A[A[A[1Gpulling manifest [K
pulling a8cc1361f314: 100% ▕██████████████████▏ 9.3 GB                         [K
pulling ae370d884f10: 100% ▕██████████████████▏ 1.7 KB                         [K
pulling d18a5cc71b84: 100% ▕██████████████████▏  11 KB                         [K
pulling cff3f395ef37: 100% ▕██████████████████▏  120 B                         [K
pulling 78b3b822087d: 100% ▕██████████████████▏  488 B                         [K
verifying sha256 digest ⠧ [K[?25h[?2026l[?2026h[?25l[A[A[A[A[A[A[1Gpulling manifest [K
pulling a8cc1361f314: 100% ▕██████████████████▏ 9.3 GB                         [K
pulling ae370d884f10: 100% ▕██████████████████▏ 1.7 KB                         [K
pulling d18a5cc71b84: 100% ▕██████████████████▏  11 KB                         [K
pulling cff3f395ef37: 100% ▕██████████████████▏  120 B                         [K
pulling 78b3b822087d: 100% ▕██████████████████▏  488 B                         [K
verifying sha256 digest ⠇ [K[?25h[?2026l[?2026h[?25l[A[A[A[A[A[A[1Gpulling manifest [K
pulling a8cc1361f314: 100% ▕██████████████████▏ 9.3 GB                         [K
pulling ae370d884f10: 100% ▕██████████████████▏ 1.7 KB                         [K
pulling d18a5cc71b84: 100% ▕██████████████████▏  11 KB                         [K
pulling cff3f395ef37: 100% ▕██████████████████▏  120 B                         [K
pulling 78b3b822087d: 100% ▕██████████████████▏  488 B                         [K
verifying sha256 digest ⠏ [K[?25h[?2026l[?2026h[?25l[A[A[A[A[A[A[1Gpulling manifest [K
pulling a8cc1361f314: 100% ▕██████████████████▏ 9.3 GB                         [K
pulling ae370d884f10: 100% ▕██████████████████▏ 1.7 KB                         [K
pulling d18a5cc71b84: 100% ▕██████████████████▏  11 KB                         [K
pulling cff3f395ef37: 100% ▕██████████████████▏  120 B                         [K
pulling 78b3b822087d: 100% ▕██████████████████▏  488 B                         [K
verifying sha256 digest ⠋ [K[?25h[?2026l[?2026h[?25l[A[A[A[A[A[A[1Gpulling manifest [K
pulling a8cc1361f314: 100% ▕██████████████████▏ 9.3 GB                         [K
pulling ae370d884f10: 100% ▕██████████████████▏ 1.7 KB                         [K
pulling d18a5cc71b84: 100% ▕██████████████████▏  11 KB                         [K
pulling cff3f395ef37: 100% ▕██████████████████▏  120 B                         [K
pulling 78b3b822087d: 100% ▕██████████████████▏  488 B                         [K
verifying sha256 digest ⠙ [K[?25h[?2026l[?2026h[?25l[A[A[A[A[A[A[1Gpulling manifest [K
pulling a8cc1361f314: 100% ▕██████████████████▏ 9.3 GB                         [K
pulling ae370d884f10: 100% ▕██████████████████▏ 1.7 KB                         [K
pulling d18a5cc71b84: 100% ▕██████████████████▏  11 KB                         [K
pulling cff3f395ef37: 100% ▕██████████████████▏  120 B                         [K
pulling 78b3b822087d: 100% ▕██████████████████▏  488 B                         [K
verifying sha256 digest ⠹ [K[?25h[?2026l[?2026h[?25l[A[A[A[A[A[A[1Gpulling manifest [K
pulling a8cc1361f314: 100% ▕██████████████████▏ 9.3 GB                         [K
pulling ae370d884f10: 100% ▕██████████████████▏ 1.7 KB                         [K
pulling d18a5cc71b84: 100% ▕██████████████████▏  11 KB                         [K
pulling cff3f395ef37: 100% ▕██████████████████▏  120 B                         [K
pulling 78b3b822087d: 100% ▕██████████████████▏  488 B                         [K
verifying sha256 digest ⠸ [K[?25h[?2026l[?2026h[?25l[A[A[A[A[A[A[1Gpulling manifest [K
pulling a8cc1361f314: 100% ▕██████████████████▏ 9.3 GB                         [K
pulling ae370d884f10: 100% ▕██████████████████▏ 1.7 KB                         [K
pulling d18a5cc71b84: 100% ▕██████████████████▏  11 KB                         [K
pulling cff3f395ef37: 100% ▕██████████████████▏  120 B                         [K
pulling 78b3b822087d: 100% ▕██████████████████▏  488 B                         [K
verifying sha256 digest ⠼ [K[?25h[?2026l[?2026h[?25l[A[A[A[A[A[A[1Gpulling manifest [K
pulling a8cc1361f314: 100% ▕██████████████████▏ 9.3 GB                         [K
pulling ae370d884f10: 100% ▕██████████████████▏ 1.7 KB                         [K
pulling d18a5cc71b84: 100% ▕██████████████████▏  11 KB                         [K
pulling cff3f395ef37: 100% ▕██████████████████▏  120 B                         [K
pulling 78b3b822087d: 100% ▕██████████████████▏  488 B                         [K
verifying sha256 digest ⠴ [K[?25h[?2026l[?2026h[?25l[A[A[A[A[A[A[1Gpulling manifest [K
pulling a8cc1361f314: 100% ▕██████████████████▏ 9.3 GB                         [K
pulling ae370d884f10: 100% ▕██████████████████▏ 1.7 KB                         [K
pulling d18a5cc71b84: 100% ▕██████████████████▏  11 KB                         [K
pulling cff3f395ef37: 100% ▕██████████████████▏  120 B                         [K
pulling 78b3b822087d: 100% ▕██████████████████▏  488 B                         [K
verifying sha256 digest ⠦ [K[?25h[?2026l[?2026h[?25l[A[A[A[A[A[A[1Gpulling manifest [K
pulling a8cc1361f314: 100% ▕██████████████████▏ 9.3 GB                         [K
pulling ae370d884f10: 100% ▕██████████████████▏ 1.7 KB                         [K
pulling d18a5cc71b84: 100% ▕██████████████████▏  11 KB                         [K
pulling cff3f395ef37: 100% ▕██████████████████▏  120 B                         [K
pulling 78b3b822087d: 100% ▕██████████████████▏  488 B                         [K
verifying sha256 digest ⠧ [K[?25h[?2026l[?2026h[?25l[A[A[A[A[A[A[1Gpulling manifest [K
pulling a8cc1361f314: 100% ▕██████████████████▏ 9.3 GB                         [K
pulling ae370d884f10: 100% ▕██████████████████▏ 1.7 KB                         [K
pulling d18a5cc71b84: 100% ▕██████████████████▏  11 KB                         [K
pulling cff3f395ef37: 100% ▕██████████████████▏  120 B                         [K
pulling 78b3b822087d: 100% ▕██████████████████▏  488 B                         [K
verifying sha256 digest ⠇ [K[?25h[?2026l[?2026h[?25l[A[A[A[A[A[A[1Gpulling manifest [K
pulling a8cc1361f314: 100% ▕██████████████████▏ 9.3 GB                         [K
pulling ae370d884f10: 100% ▕██████████████████▏ 1.7 KB                         [K
pulling d18a5cc71b84: 100% ▕██████████████████▏  11 KB                         [K
pulling cff3f395ef37: 100% ▕██████████████████▏  120 B                         [K
pulling 78b3b822087d: 100% ▕██████████████████▏  488 B                         [K
verifying sha256 digest ⠏ [K[?25h[?2026l[?2026h[?25l[A[A[A[A[A[A[1Gpulling manifest [K
pulling a8cc1361f314: 100% ▕██████████████████▏ 9.3 GB                         [K
pulling ae370d884f10: 100% ▕██████████████████▏ 1.7 KB                         [K
pulling d18a5cc71b84: 100% ▕██████████████████▏  11 KB                         [K
pulling cff3f395ef37: 100% ▕██████████████████▏  120 B                         [K
pulling 78b3b822087d: 100% ▕██████████████████▏  488 B                         [K
verifying sha256 digest ⠋ [K[?25h[?2026l[?2026h[?25l[A[A[A[A[A[A[1Gpulling manifest [K
pulling a8cc1361f314: 100% ▕██████████████████▏ 9.3 GB                         [K
pulling ae370d884f10: 100% ▕██████████████████▏ 1.7 KB                         [K
pulling d18a5cc71b84: 100% ▕██████████████████▏  11 KB                         [K
pulling cff3f395ef37: 100% ▕██████████████████▏  120 B                         [K
pulling 78b3b822087d: 100% ▕██████████████████▏  488 B                         [K
verifying sha256 digest ⠙ [K[?25h[?2026l[?2026h[?25l[A[A[A[A[A[A[1Gpulling manifest [K
pulling a8cc1361f314: 100% ▕██████████████████▏ 9.3 GB                         [K
pulling ae370d884f10: 100% ▕██████████████████▏ 1.7 KB                         [K
pulling d18a5cc71b84: 100% ▕██████████████████▏  11 KB                         [K
pulling cff3f395ef37: 100% ▕██████████████████▏  120 B                         [K
pulling 78b3b822087d: 100% ▕██████████████████▏  488 B                         [K
verifying sha256 digest ⠹ [K[?25h[?2026l[?2026h[?25l[A[A[A[A[A[A[1Gpulling manifest [K
pulling a8cc1361f314: 100% ▕██████████████████▏ 9.3 GB                         [K
pulling ae370d884f10: 100% ▕██████████████████▏ 1.7 KB                         [K
pulling d18a5cc71b84: 100% ▕██████████████████▏  11 KB                         [K
pulling cff3f395ef37: 100% ▕██████████████████▏  120 B                         [K
pulling 78b3b822087d: 100% ▕██████████████████▏  488 B                         [K
verifying sha256 digest ⠸ [K[?25h[?2026l[?2026h[?25l[A[A[A[A[A[A[1Gpulling manifest [K
pulling a8cc1361f314: 100% ▕██████████████████▏ 9.3 GB                         [K
pulling ae370d884f10: 100% ▕██████████████████▏ 1.7 KB                         [K
pulling d18a5cc71b84: 100% ▕██████████████████▏  11 KB                         [K
pulling cff3f395ef37: 100% ▕██████████████████▏  120 B                         [K
pulling 78b3b822087d: 100% ▕██████████████████▏  488 B                         [K
verifying sha256 digest ⠼ [K[?25h[?2026l[?2026h[?25l[A[A[A[A[A[A[1Gpulling manifest [K
pulling a8cc1361f314: 100% ▕██████████████████▏ 9.3 GB                         [K
pulling ae370d884f10: 100% ▕██████████████████▏ 1.7 KB                         [K
pulling d18a5cc71b84: 100% ▕██████████████████▏  11 KB                         [K
pulling cff3f395ef37: 100% ▕██████████████████▏  120 B                         [K
pulling 78b3b822087d: 100% ▕██████████████████▏  488 B                         [K
verifying sha256 digest ⠴ [K[?25h[?2026l[?2026h[?25l[A[A[A[A[A[A[1Gpulling manifest [K
pulling a8cc1361f314: 100% ▕██████████████████▏ 9.3 GB                         [K
pulling ae370d884f10: 100% ▕██████████████████▏ 1.7 KB                         [K
pulling d18a5cc71b84: 100% ▕██████████████████▏  11 KB                         [K
pulling cff3f395ef37: 100% ▕██████████████████▏  120 B                         [K
pulling 78b3b822087d: 100% ▕██████████████████▏  488 B                         [K
verifying sha256 digest ⠦ [K[?25h[?2026l[?2026h[?25l[A[A[A[A[A[A[1Gpulling manifest [K
pulling a8cc1361f314: 100% ▕██████████████████▏ 9.3 GB                         [K
pulling ae370d884f10: 100% ▕██████████████████▏ 1.7 KB                         [K
pulling d18a5cc71b84: 100% ▕██████████████████▏  11 KB                         [K
pulling cff3f395ef37: 100% ▕██████████████████▏  120 B                         [K
pulling 78b3b822087d: 100% ▕██████████████████▏  488 B                         [K
verifying sha256 digest ⠧ [K[?25h[?2026l[?2026h[?25l[A[A[A[A[A[A[1Gpulling manifest [K
pulling a8cc1361f314: 100% ▕██████████████████▏ 9.3 GB                         [K
pulling ae370d884f10: 100% ▕██████████████████▏ 1.7 KB                         [K
pulling d18a5cc71b84: 100% ▕██████████████████▏  11 KB                         [K
pulling cff3f395ef37: 100% ▕██████████████████▏  120 B                         [K
pulling 78b3b822087d: 100% ▕██████████████████▏  488 B                         [K
verifying sha256 digest ⠇ [K[?25h[?2026l[?2026h[?25l[A[A[A[A[A[A[1Gpulling manifest [K
pulling a8cc1361f314: 100% ▕██████████████████▏ 9.3 GB                         [K
pulling ae370d884f10: 100% ▕██████████████████▏ 1.7 KB                         [K
pulling d18a5cc71b84: 100% ▕██████████████████▏  11 KB                         [K
pulling cff3f395ef37: 100% ▕██████████████████▏  120 B                         [K
pulling 78b3b822087d: 100% ▕██████████████████▏  488 B                         [K
verifying sha256 digest ⠏ [K[?25h[?2026l[?2026h[?25l[A[A[A[A[A[A[1Gpulling manifest [K
pulling a8cc1361f314: 100% ▕██████████████████▏ 9.3 GB                         [K
pulling ae370d884f10: 100% ▕██████████████████▏ 1.7 KB                         [K
pulling d18a5cc71b84: 100% ▕██████████████████▏  11 KB                         [K
pulling cff3f395ef37: 100% ▕██████████████████▏  120 B                         [K
pulling 78b3b822087d: 100% ▕██████████████████▏  488 B                         [K
verifying sha256 digest ⠋ [K[?25h[?2026l[?2026h[?25l[A[A[A[A[A[A[1Gpulling manifest [K
pulling a8cc1361f314: 100% ▕██████████████████▏ 9.3 GB                         [K
pulling ae370d884f10: 100% ▕██████████████████▏ 1.7 KB                         [K
pulling d18a5cc71b84: 100% ▕██████████████████▏  11 KB                         [K
pulling cff3f395ef37: 100% ▕██████████████████▏  120 B                         [K
pulling 78b3b822087d: 100% ▕██████████████████▏  488 B                         [K
verifying sha256 digest ⠙ [K[?25h[?2026l[?2026h[?25l[A[A[A[A[A[A[1Gpulling manifest [K
pulling a8cc1361f314: 100% ▕██████████████████▏ 9.3 GB                         [K
pulling ae370d884f10: 100% ▕██████████████████▏ 1.7 KB                         [K
pulling d18a5cc71b84: 100% ▕██████████████████▏  11 KB                         [K
pulling cff3f395ef37: 100% ▕██████████████████▏  120 B                         [K
pulling 78b3b822087d: 100% ▕██████████████████▏  488 B                         [K
verifying sha256 digest ⠹ [K[?25h[?2026l[?2026h[?25l[A[A[A[A[A[A[1Gpulling manifest [K
pulling a8cc1361f314: 100% ▕██████████████████▏ 9.3 GB                         [K
pulling ae370d884f10: 100% ▕██████████████████▏ 1.7 KB                         [K
pulling d18a5cc71b84: 100% ▕██████████████████▏  11 KB                         [K
pulling cff3f395ef37: 100% ▕██████████████████▏  120 B                         [K
pulling 78b3b822087d: 100% ▕██████████████████▏  488 B                         [K
verifying sha256 digest ⠸ [K[?25h[?2026l[?2026h[?25l[A[A[A[A[A[A[1Gpulling manifest [K
pulling a8cc1361f314: 100% ▕██████████████████▏ 9.3 GB                         [K
pulling ae370d884f10: 100% ▕██████████████████▏ 1.7 KB                         [K
pulling d18a5cc71b84: 100% ▕██████████████████▏  11 KB                         [K
pulling cff3f395ef37: 100% ▕██████████████████▏  120 B                         [K
pulling 78b3b822087d: 100% ▕██████████████████▏  488 B                         [K
verifying sha256 digest ⠼ [K[?25h[?2026l[?2026h[?25l[A[A[A[A[A[A[1Gpulling manifest [K
pulling a8cc1361f314: 100% ▕██████████████████▏ 9.3 GB                         [K
pulling ae370d884f10: 100% ▕██████████████████▏ 1.7 KB                         [K
pulling d18a5cc71b84: 100% ▕██████████████████▏  11 KB                         [K
pulling cff3f395ef37: 100% ▕██████████████████▏  120 B                         [K
pulling 78b3b822087d: 100% ▕██████████████████▏  488 B                         [K
verifying sha256 digest ⠴ [K[?25h[?2026l[?2026h[?25l[A[A[A[A[A[A[1Gpulling manifest [K
pulling a8cc1361f314: 100% ▕██████████████████▏ 9.3 GB                         [K
pulling ae370d884f10: 100% ▕██████████████████▏ 1.7 KB                         [K
pulling d18a5cc71b84: 100% ▕██████████████████▏  11 KB                         [K
pulling cff3f395ef37: 100% ▕██████████████████▏  120 B                         [K
pulling 78b3b822087d: 100% ▕██████████████████▏  488 B                         [K
verifying sha256 digest ⠦ [K[?25h[?2026l[?2026h[?25l[A[A[A[A[A[A[1Gpulling manifest [K
pulling a8cc1361f314: 100% ▕██████████████████▏ 9.3 GB                         [K
pulling ae370d884f10: 100% ▕██████████████████▏ 1.7 KB                         [K
pulling d18a5cc71b84: 100% ▕██████████████████▏  11 KB                         [K
pulling cff3f395ef37: 100% ▕██████████████████▏  120 B                         [K
pulling 78b3b822087d: 100% ▕██████████████████▏  488 B                         [K
verifying sha256 digest ⠧ [K[?25h[?2026l[?2026h[?25l[A[A[A[A[A[A[1Gpulling manifest [K
pulling a8cc1361f314: 100% ▕██████████████████▏ 9.3 GB                         [K
pulling ae370d884f10: 100% ▕██████████████████▏ 1.7 KB                         [K
pulling d18a5cc71b84: 100% ▕██████████████████▏  11 KB                         [K
pulling cff3f395ef37: 100% ▕██████████████████▏  120 B                         [K
pulling 78b3b822087d: 100% ▕██████████████████▏  488 B                         [K
verifying sha256 digest ⠇ [K[?25h[?2026l[?2026h[?25l[A[A[A[A[A[A[1Gpulling manifest [K
pulling a8cc1361f314: 100% ▕██████████████████▏ 9.3 GB                         [K
pulling ae370d884f10: 100% ▕██████████████████▏ 1.7 KB                         [K
pulling d18a5cc71b84: 100% ▕██████████████████▏  11 KB                         [K
pulling cff3f395ef37: 100% ▕██████████████████▏  120 B                         [K
pulling 78b3b822087d: 100% ▕██████████████████▏  488 B                         [K
verifying sha256 digest ⠏ [K[?25h[?2026l[?2026h[?25l[A[A[A[A[A[A[1Gpulling manifest [K
pulling a8cc1361f314: 100% ▕██████████████████▏ 9.3 GB                         [K
pulling ae370d884f10: 100% ▕██████████████████▏ 1.7 KB                         [K
pulling d18a5cc71b84: 100% ▕██████████████████▏  11 KB                         [K
pulling cff3f395ef37: 100% ▕██████████████████▏  120 B                         [K
pulling 78b3b822087d: 100% ▕██████████████████▏  488 B                         [K
verifying sha256 digest ⠋ [K[?25h[?2026l[?2026h[?25l[A[A[A[A[A[A[1Gpulling manifest [K
pulling a8cc1361f314: 100% ▕██████████████████▏ 9.3 GB                         [K
pulling ae370d884f10: 100% ▕██████████████████▏ 1.7 KB                         [K
pulling d18a5cc71b84: 100% ▕██████████████████▏  11 KB                         [K
pulling cff3f395ef37: 100% ▕██████████████████▏  120 B                         [K
pulling 78b3b822087d: 100% ▕██████████████████▏  488 B                         [K
verifying sha256 digest ⠙ [K[?25h[?2026l[?2026h[?25l[A[A[A[A[A[A[1Gpulling manifest [K
pulling a8cc1361f314: 100% ▕██████████████████▏ 9.3 GB                         [K
pulling ae370d884f10: 100% ▕██████████████████▏ 1.7 KB                         [K
pulling d18a5cc71b84: 100% ▕██████████████████▏  11 KB                         [K
pulling cff3f395ef37: 100% ▕██████████████████▏  120 B                         [K
pulling 78b3b822087d: 100% ▕██████████████████▏  488 B                         [K
verifying sha256 digest ⠹ [K[?25h[?2026l[?2026h[?25l[A[A[A[A[A[A[1Gpulling manifest [K
pulling a8cc1361f314: 100% ▕██████████████████▏ 9.3 GB                         [K
pulling ae370d884f10: 100% ▕██████████████████▏ 1.7 KB                         [K
pulling d18a5cc71b84: 100% ▕██████████████████▏  11 KB                         [K
pulling cff3f395ef37: 100% ▕██████████████████▏  120 B                         [K
pulling 78b3b822087d: 100% ▕██████████████████▏  488 B                         [K
verifying sha256 digest ⠸ [K[?25h[?2026l[?2026h[?25l[A[A[A[A[A[A[1Gpulling manifest [K
pulling a8cc1361f314: 100% ▕██████████████████▏ 9.3 GB                         [K
pulling ae370d884f10: 100% ▕██████████████████▏ 1.7 KB                         [K
pulling d18a5cc71b84: 100% ▕██████████████████▏  11 KB                         [K
pulling cff3f395ef37: 100% ▕██████████████████▏  120 B                         [K
pulling 78b3b822087d: 100% ▕██████████████████▏  488 B                         [K
verifying sha256 digest ⠼ [K[?25h[?2026l[?2026h[?25l[A[A[A[A[A[A[1Gpulling manifest [K
pulling a8cc1361f314: 100% ▕██████████████████▏ 9.3 GB                         [K
pulling ae370d884f10: 100% ▕██████████████████▏ 1.7 KB                         [K
pulling d18a5cc71b84: 100% ▕██████████████████▏  11 KB                         [K
pulling cff3f395ef37: 100% ▕██████████████████▏  120 B                         [K
pulling 78b3b822087d: 100% ▕██████████████████▏  488 B                         [K
verifying sha256 digest ⠴ [K[?25h[?2026l[?2026h[?25l[A[A[A[A[A[A[1Gpulling manifest [K
pulling a8cc1361f314: 100% ▕██████████████████▏ 9.3 GB                         [K
pulling ae370d884f10: 100% ▕██████████████████▏ 1.7 KB                         [K
pulling d18a5cc71b84: 100% ▕██████████████████▏  11 KB                         [K
pulling cff3f395ef37: 100% ▕██████████████████▏  120 B                         [K
pulling 78b3b822087d: 100% ▕██████████████████▏  488 B                         [K
verifying sha256 digest ⠦ [K[?25h[?2026l[?2026h[?25l[A[A[A[A[A[A[1Gpulling manifest [K
pulling a8cc1361f314: 100% ▕██████████████████▏ 9.3 GB                         [K
pulling ae370d884f10: 100% ▕██████████████████▏ 1.7 KB                         [K
pulling d18a5cc71b84: 100% ▕██████████████████▏  11 KB                         [K
pulling cff3f395ef37: 100% ▕██████████████████▏  120 B                         [K
pulling 78b3b822087d: 100% ▕██████████████████▏  488 B                         [K
verifying sha256 digest ⠧ [K[?25h[?2026l[?2026h[?25l[A[A[A[A[A[A[1Gpulling manifest [K
pulling a8cc1361f314: 100% ▕██████████████████▏ 9.3 GB                         [K
pulling ae370d884f10: 100% ▕██████████████████▏ 1.7 KB                         [K
pulling d18a5cc71b84: 100% ▕██████████████████▏  11 KB                         [K
pulling cff3f395ef37: 100% ▕██████████████████▏  120 B                         [K
pulling 78b3b822087d: 100% ▕██████████████████▏  488 B                         [K
verifying sha256 digest ⠇ [K[?25h[?2026l[?2026h[?25l[A[A[A[A[A[A[1Gpulling manifest [K
pulling a8cc1361f314: 100% ▕██████████████████▏ 9.3 GB                         [K
pulling ae370d884f10: 100% ▕██████████████████▏ 1.7 KB                         [K
pulling d18a5cc71b84: 100% ▕██████████████████▏  11 KB                         [K
pulling cff3f395ef37: 100% ▕██████████████████▏  120 B                         [K
pulling 78b3b822087d: 100% ▕██████████████████▏  488 B                         [K
verifying sha256 digest ⠏ [K[?25h[?2026l[?2026h[?25l[A[A[A[A[A[A[1Gpulling manifest [K
pulling a8cc1361f314: 100% ▕██████████████████▏ 9.3 GB                         [K
pulling ae370d884f10: 100% ▕██████████████████▏ 1.7 KB                         [K
pulling d18a5cc71b84: 100% ▕██████████████████▏  11 KB                         [K
pulling cff3f395ef37: 100% ▕██████████████████▏  120 B                         [K
pulling 78b3b822087d: 100% ▕██████████████████▏  488 B                         [K
verifying sha256 digest ⠋ [K[?25h[?2026l[?2026h[?25l[A[A[A[A[A[A[1Gpulling manifest [K
pulling a8cc1361f314: 100% ▕██████████████████▏ 9.3 GB                         [K
pulling ae370d884f10: 100% ▕██████████████████▏ 1.7 KB                         [K
pulling d18a5cc71b84: 100% ▕██████████████████▏  11 KB                         [K
pulling cff3f395ef37: 100% ▕██████████████████▏  120 B                         [K
pulling 78b3b822087d: 100% ▕██████████████████▏  488 B                         [K
verifying sha256 digest ⠙ [K[?25h[?2026l[?2026h[?25l[A[A[A[A[A[A[1Gpulling manifest [K
pulling a8cc1361f314: 100% ▕██████████████████▏ 9.3 GB                         [K
pulling ae370d884f10: 100% ▕██████████████████▏ 1.7 KB                         [K
pulling d18a5cc71b84: 100% ▕██████████████████▏  11 KB                         [K
pulling cff3f395ef37: 100% ▕██████████████████▏  120 B                         [K
pulling 78b3b822087d: 100% ▕██████████████████▏  488 B                         [K
verifying sha256 digest ⠹ [K[?25h[?2026l[?2026h[?25l[A[A[A[A[A[A[1Gpulling manifest [K
pulling a8cc1361f314: 100% ▕██████████████████▏ 9.3 GB                         [K
pulling ae370d884f10: 100% ▕██████████████████▏ 1.7 KB                         [K
pulling d18a5cc71b84: 100% ▕██████████████████▏  11 KB                         [K
pulling cff3f395ef37: 100% ▕██████████████████▏  120 B                         [K
pulling 78b3b822087d: 100% ▕██████████████████▏  488 B                         [K
verifying sha256 digest ⠸ [K[?25h[?2026l[?2026h[?25l[A[A[A[A[A[A[1Gpulling manifest [K
pulling a8cc1361f314: 100% ▕██████████████████▏ 9.3 GB                         [K
pulling ae370d884f10: 100% ▕██████████████████▏ 1.7 KB                         [K
pulling d18a5cc71b84: 100% ▕██████████████████▏  11 KB                         [K
pulling cff3f395ef37: 100% ▕██████████████████▏  120 B                         [K
pulling 78b3b822087d: 100% ▕██████████████████▏  488 B                         [K
verifying sha256 digest ⠼ [K[?25h[?2026l[?2026h[?25l[A[A[A[A[A[A[1Gpulling manifest [K
pulling a8cc1361f314: 100% ▕██████████████████▏ 9.3 GB                         [K
pulling ae370d884f10: 100% ▕██████████████████▏ 1.7 KB                         [K
pulling d18a5cc71b84: 100% ▕██████████████████▏  11 KB                         [K
pulling cff3f395ef37: 100% ▕██████████████████▏  120 B                         [K
pulling 78b3b822087d: 100% ▕██████████████████▏  488 B                         [K
verifying sha256 digest ⠴ [K[?25h[?2026l[?2026h[?25l[A[A[A[A[A[A[1Gpulling manifest [K
pulling a8cc1361f314: 100% ▕██████████████████▏ 9.3 GB                         [K
pulling ae370d884f10: 100% ▕██████████████████▏ 1.7 KB                         [K
pulling d18a5cc71b84: 100% ▕██████████████████▏  11 KB                         [K
pulling cff3f395ef37: 100% ▕██████████████████▏  120 B                         [K
pulling 78b3b822087d: 100% ▕██████████████████▏  488 B                         [K
verifying sha256 digest ⠦ [K[?25h[?2026l[?2026h[?25l[A[A[A[A[A[A[1Gpulling manifest [K
pulling a8cc1361f314: 100% ▕██████████████████▏ 9.3 GB                         [K
pulling ae370d884f10: 100% ▕██████████████████▏ 1.7 KB                         [K
pulling d18a5cc71b84: 100% ▕██████████████████▏  11 KB                         [K
pulling cff3f395ef37: 100% ▕██████████████████▏  120 B                         [K
pulling 78b3b822087d: 100% ▕██████████████████▏  488 B                         [K
verifying sha256 digest ⠧ [K[?25h[?2026l[?2026h[?25l[A[A[A[A[A[A[1Gpulling manifest [K
pulling a8cc1361f314: 100% ▕██████████████████▏ 9.3 GB                         [K
pulling ae370d884f10: 100% ▕██████████████████▏ 1.7 KB                         [K
pulling d18a5cc71b84: 100% ▕██████████████████▏  11 KB                         [K
pulling cff3f395ef37: 100% ▕██████████████████▏  120 B                         [K
pulling 78b3b822087d: 100% ▕██████████████████▏  488 B                         [K
verifying sha256 digest ⠇ [K[?25h[?2026l[?2026h[?25l[A[A[A[A[A[A[1Gpulling manifest [K
pulling a8cc1361f314: 100% ▕██████████████████▏ 9.3 GB                         [K
pulling ae370d884f10: 100% ▕██████████████████▏ 1.7 KB                         [K
pulling d18a5cc71b84: 100% ▕██████████████████▏  11 KB                         [K
pulling cff3f395ef37: 100% ▕██████████████████▏  120 B                         [K
pulling 78b3b822087d: 100% ▕██████████████████▏  488 B                         [K
verifying sha256 digest ⠏ [K[?25h[?2026l[?2026h[?25l[A[A[A[A[A[A[1Gpulling manifest [K
pulling a8cc1361f314: 100% ▕██████████████████▏ 9.3 GB                         [K
pulling ae370d884f10: 100% ▕██████████████████▏ 1.7 KB                         [K
pulling d18a5cc71b84: 100% ▕██████████████████▏  11 KB                         [K
pulling cff3f395ef37: 100% ▕██████████████████▏  120 B                         [K
pulling 78b3b822087d: 100% ▕██████████████████▏  488 B                         [K
verifying sha256 digest ⠋ [K[?25h[?2026l[?2026h[?25l[A[A[A[A[A[A[1Gpulling manifest [K
pulling a8cc1361f314: 100% ▕██████████████████▏ 9.3 GB                         [K
pulling ae370d884f10: 100% ▕██████████████████▏ 1.7 KB                         [K
pulling d18a5cc71b84: 100% ▕██████████████████▏  11 KB                         [K
pulling cff3f395ef37: 100% ▕██████████████████▏  120 B                         [K
pulling 78b3b822087d: 100% ▕██████████████████▏  488 B                         [K
verifying sha256 digest ⠙ [K[?25h[?2026l[?2026h[?25l[A[A[A[A[A[A[1Gpulling manifest [K
pulling a8cc1361f314: 100% ▕██████████████████▏ 9.3 GB                         [K
pulling ae370d884f10: 100% ▕██████████████████▏ 1.7 KB                         [K
pulling d18a5cc71b84: 100% ▕██████████████████▏  11 KB                         [K
pulling cff3f395ef37: 100% ▕██████████████████▏  120 B                         [K
pulling 78b3b822087d: 100% ▕██████████████████▏  488 B                         [K
verifying sha256 digest ⠹ [K[?25h[?2026l[?2026h[?25l[A[A[A[A[A[A[1Gpulling manifest [K
pulling a8cc1361f314: 100% ▕██████████████████▏ 9.3 GB                         [K
pulling ae370d884f10: 100% ▕██████████████████▏ 1.7 KB                         [K
pulling d18a5cc71b84: 100% ▕██████████████████▏  11 KB                         [K
pulling cff3f395ef37: 100% ▕██████████████████▏  120 B                         [K
pulling 78b3b822087d: 100% ▕██████████████████▏  488 B                         [K
verifying sha256 digest ⠸ [K[?25h[?2026l[?2026h[?25l[A[A[A[A[A[A[1Gpulling manifest [K
pulling a8cc1361f314: 100% ▕██████████████████▏ 9.3 GB                         [K
pulling ae370d884f10: 100% ▕██████████████████▏ 1.7 KB                         [K
pulling d18a5cc71b84: 100% ▕██████████████████▏  11 KB                         [K
pulling cff3f395ef37: 100% ▕██████████████████▏  120 B                         [K
pulling 78b3b822087d: 100% ▕██████████████████▏  488 B                         [K
verifying sha256 digest ⠼ [K[?25h[?2026l[?2026h[?25l[A[A[A[A[A[A[1Gpulling manifest [K
pulling a8cc1361f314: 100% ▕██████████████████▏ 9.3 GB                         [K
pulling ae370d884f10: 100% ▕██████████████████▏ 1.7 KB                         [K
pulling d18a5cc71b84: 100% ▕██████████████████▏  11 KB                         [K
pulling cff3f395ef37: 100% ▕██████████████████▏  120 B                         [K
pulling 78b3b822087d: 100% ▕██████████████████▏  488 B                         [K
verifying sha256 digest ⠴ [K[?25h[?2026l[?2026h[?25l[A[A[A[A[A[A[1Gpulling manifest [K
pulling a8cc1361f314: 100% ▕██████████████████▏ 9.3 GB                         [K
pulling ae370d884f10: 100% ▕██████████████████▏ 1.7 KB                         [K
pulling d18a5cc71b84: 100% ▕██████████████████▏  11 KB                         [K
pulling cff3f395ef37: 100% ▕██████████████████▏  120 B                         [K
pulling 78b3b822087d: 100% ▕██████████████████▏  488 B                         [K
verifying sha256 digest ⠦ [K[?25h[?2026l[?2026h[?25l[A[A[A[A[A[A[1Gpulling manifest [K
pulling a8cc1361f314: 100% ▕██████████████████▏ 9.3 GB                         [K
pulling ae370d884f10: 100% ▕██████████████████▏ 1.7 KB                         [K
pulling d18a5cc71b84: 100% ▕██████████████████▏  11 KB                         [K
pulling cff3f395ef37: 100% ▕██████████████████▏  120 B                         [K
pulling 78b3b822087d: 100% ▕██████████████████▏  488 B                         [K
verifying sha256 digest ⠧ [K[?25h[?2026l[?2026h[?25l[A[A[A[A[A[A[1Gpulling manifest [K
pulling a8cc1361f314: 100% ▕██████████████████▏ 9.3 GB                         [K
pulling ae370d884f10: 100% ▕██████████████████▏ 1.7 KB                         [K
pulling d18a5cc71b84: 100% ▕██████████████████▏  11 KB                         [K
pulling cff3f395ef37: 100% ▕██████████████████▏  120 B                         [K
pulling 78b3b822087d: 100% ▕██████████████████▏  488 B                         [K
verifying sha256 digest ⠇ [K[?25h[?2026l[?2026h[?25l[A[A[A[A[A[A[1Gpulling manifest [K
pulling a8cc1361f314: 100% ▕██████████████████▏ 9.3 GB                         [K
pulling ae370d884f10: 100% ▕██████████████████▏ 1.7 KB                         [K
pulling d18a5cc71b84: 100% ▕██████████████████▏  11 KB                         [K
pulling cff3f395ef37: 100% ▕██████████████████▏  120 B                         [K
pulling 78b3b822087d: 100% ▕██████████████████▏  488 B                         [K
verifying sha256 digest ⠏ [K[?25h[?2026l[?2026h[?25l[A[A[A[A[A[A[1Gpulling manifest [K
pulling a8cc1361f314: 100% ▕██████████████████▏ 9.3 GB                         [K
pulling ae370d884f10: 100% ▕██████████████████▏ 1.7 KB                         [K
pulling d18a5cc71b84: 100% ▕██████████████████▏  11 KB                         [K
pulling cff3f395ef37: 100% ▕██████████████████▏  120 B                         [K
pulling 78b3b822087d: 100% ▕██████████████████▏  488 B                         [K
verifying sha256 digest ⠋ [K[?25h[?2026l[?2026h[?25l[A[A[A[A[A[A[1Gpulling manifest [K
pulling a8cc1361f314: 100% ▕██████████████████▏ 9.3 GB                         [K
pulling ae370d884f10: 100% ▕██████████████████▏ 1.7 KB                         [K
pulling d18a5cc71b84: 100% ▕██████████████████▏  11 KB                         [K
pulling cff3f395ef37: 100% ▕██████████████████▏  120 B                         [K
pulling 78b3b822087d: 100% ▕██████████████████▏  488 B                         [K
verifying sha256 digest ⠙ [K[?25h[?2026l[?2026h[?25l[A[A[A[A[A[A[1Gpulling manifest [K
pulling a8cc1361f314: 100% ▕██████████████████▏ 9.3 GB                         [K
pulling ae370d884f10: 100% ▕██████████████████▏ 1.7 KB                         [K
pulling d18a5cc71b84: 100% ▕██████████████████▏  11 KB                         [K
pulling cff3f395ef37: 100% ▕██████████████████▏  120 B                         [K
pulling 78b3b822087d: 100% ▕██████████████████▏  488 B                         [K
verifying sha256 digest ⠹ [K[?25h[?2026l[?2026h[?25l[A[A[A[A[A[A[1Gpulling manifest [K
pulling a8cc1361f314: 100% ▕██████████████████▏ 9.3 GB                         [K
pulling ae370d884f10: 100% ▕██████████████████▏ 1.7 KB                         [K
pulling d18a5cc71b84: 100% ▕██████████████████▏  11 KB                         [K
pulling cff3f395ef37: 100% ▕██████████████████▏  120 B                         [K
pulling 78b3b822087d: 100% ▕██████████████████▏  488 B                         [K
verifying sha256 digest ⠸ [K[?25h[?2026l[?2026h[?25l[A[A[A[A[A[A[1Gpulling manifest [K
pulling a8cc1361f314: 100% ▕██████████████████▏ 9.3 GB                         [K
pulling ae370d884f10: 100% ▕██████████████████▏ 1.7 KB                         [K
pulling d18a5cc71b84: 100% ▕██████████████████▏  11 KB                         [K
pulling cff3f395ef37: 100% ▕██████████████████▏  120 B                         [K
pulling 78b3b822087d: 100% ▕██████████████████▏  488 B                         [K
verifying sha256 digest ⠼ [K[?25h[?2026l[?2026h[?25l[A[A[A[A[A[A[1Gpulling manifest [K
pulling a8cc1361f314: 100% ▕██████████████████▏ 9.3 GB                         [K
pulling ae370d884f10: 100% ▕██████████████████▏ 1.7 KB                         [K
pulling d18a5cc71b84: 100% ▕██████████████████▏  11 KB                         [K
pulling cff3f395ef37: 100% ▕██████████████████▏  120 B                         [K
pulling 78b3b822087d: 100% ▕██████████████████▏  488 B                         [K
verifying sha256 digest ⠴ [K[?25h[?2026l[?2026h[?25l[A[A[A[A[A[A[1Gpulling manifest [K
pulling a8cc1361f314: 100% ▕██████████████████▏ 9.3 GB                         [K
pulling ae370d884f10: 100% ▕██████████████████▏ 1.7 KB                         [K
pulling d18a5cc71b84: 100% ▕██████████████████▏  11 KB                         [K
pulling cff3f395ef37: 100% ▕██████████████████▏  120 B                         [K
pulling 78b3b822087d: 100% ▕██████████████████▏  488 B                         [K
verifying sha256 digest ⠦ [K[?25h[?2026l[?2026h[?25l[A[A[A[A[A[A[1Gpulling manifest [K
pulling a8cc1361f314: 100% ▕██████████████████▏ 9.3 GB                         [K
pulling ae370d884f10: 100% ▕██████████████████▏ 1.7 KB                         [K
pulling d18a5cc71b84: 100% ▕██████████████████▏  11 KB                         [K
pulling cff3f395ef37: 100% ▕██████████████████▏  120 B                         [K
pulling 78b3b822087d: 100% ▕██████████████████▏  488 B                         [K
verifying sha256 digest ⠧ [K[?25h[?2026l[?2026h[?25l[A[A[A[A[A[A[1Gpulling manifest [K
pulling a8cc1361f314: 100% ▕██████████████████▏ 9.3 GB                         [K
pulling ae370d884f10: 100% ▕██████████████████▏ 1.7 KB                         [K
pulling d18a5cc71b84: 100% ▕██████████████████▏  11 KB                         [K
pulling cff3f395ef37: 100% ▕██████████████████▏  120 B                         [K
pulling 78b3b822087d: 100% ▕██████████████████▏  488 B                         [K
verifying sha256 digest ⠇ [K[?25h[?2026l[?2026h[?25l[A[A[A[A[A[A[1Gpulling manifest [K
pulling a8cc1361f314: 100% ▕██████████████████▏ 9.3 GB                         [K
pulling ae370d884f10: 100% ▕██████████████████▏ 1.7 KB                         [K
pulling d18a5cc71b84: 100% ▕██████████████████▏  11 KB                         [K
pulling cff3f395ef37: 100% ▕██████████████████▏  120 B                         [K
pulling 78b3b822087d: 100% ▕██████████████████▏  488 B                         [K
verifying sha256 digest ⠏ [K[?25h[?2026l[?2026h[?25l[A[A[A[A[A[A[1Gpulling manifest [K
pulling a8cc1361f314: 100% ▕██████████████████▏ 9.3 GB                         [K
pulling ae370d884f10: 100% ▕██████████████████▏ 1.7 KB                         [K
pulling d18a5cc71b84: 100% ▕██████████████████▏  11 KB                         [K
pulling cff3f395ef37: 100% ▕██████████████████▏  120 B                         [K
pulling 78b3b822087d: 100% ▕██████████████████▏  488 B                         [K
verifying sha256 digest ⠋ [K[?25h[?2026l[?2026h[?25l[A[A[A[A[A[A[1Gpulling manifest [K
pulling a8cc1361f314: 100% ▕██████████████████▏ 9.3 GB                         [K
pulling ae370d884f10: 100% ▕██████████████████▏ 1.7 KB                         [K
pulling d18a5cc71b84: 100% ▕██████████████████▏  11 KB                         [K
pulling cff3f395ef37: 100% ▕██████████████████▏  120 B                         [K
pulling 78b3b822087d: 100% ▕██████████████████▏  488 B                         [K
verifying sha256 digest ⠙ [K[?25h[?2026l[?2026h[?25l[A[A[A[A[A[A[1Gpulling manifest [K
pulling a8cc1361f314: 100% ▕██████████████████▏ 9.3 GB                         [K
pulling ae370d884f10: 100% ▕██████████████████▏ 1.7 KB                         [K
pulling d18a5cc71b84: 100% ▕██████████████████▏  11 KB                         [K
pulling cff3f395ef37: 100% ▕██████████████████▏  120 B                         [K
pulling 78b3b822087d: 100% ▕██████████████████▏  488 B                         [K
verifying sha256 digest ⠹ [K[?25h[?2026l[?2026h[?25l[A[A[A[A[A[A[1Gpulling manifest [K
pulling a8cc1361f314: 100% ▕██████████████████▏ 9.3 GB                         [K
pulling ae370d884f10: 100% ▕██████████████████▏ 1.7 KB                         [K
pulling d18a5cc71b84: 100% ▕██████████████████▏  11 KB                         [K
pulling cff3f395ef37: 100% ▕██████████████████▏  120 B                         [K
pulling 78b3b822087d: 100% ▕██████████████████▏  488 B                         [K
verifying sha256 digest ⠸ [K[?25h[?2026l[?2026h[?25l[A[A[A[A[A[A[1Gpulling manifest [K
pulling a8cc1361f314: 100% ▕██████████████████▏ 9.3 GB                         [K
pulling ae370d884f10: 100% ▕██████████████████▏ 1.7 KB                         [K
pulling d18a5cc71b84: 100% ▕██████████████████▏  11 KB                         [K
pulling cff3f395ef37: 100% ▕██████████████████▏  120 B                         [K
pulling 78b3b822087d: 100% ▕██████████████████▏  488 B                         [K
verifying sha256 digest ⠼ [K[?25h[?2026l[?2026h[?25l[A[A[A[A[A[A[1Gpulling manifest [K
pulling a8cc1361f314: 100% ▕██████████████████▏ 9.3 GB                         [K
pulling ae370d884f10: 100% ▕██████████████████▏ 1.7 KB                         [K
pulling d18a5cc71b84: 100% ▕██████████████████▏  11 KB                         [K
pulling cff3f395ef37: 100% ▕██████████████████▏  120 B                         [K
pulling 78b3b822087d: 100% ▕██████████████████▏  488 B                         [K
verifying sha256 digest ⠴ [K[?25h[?2026l[?2026h[?25l[A[A[A[A[A[A[1Gpulling manifest [K
pulling a8cc1361f314: 100% ▕██████████████████▏ 9.3 GB                         [K
pulling ae370d884f10: 100% ▕██████████████████▏ 1.7 KB                         [K
pulling d18a5cc71b84: 100% ▕██████████████████▏  11 KB                         [K
pulling cff3f395ef37: 100% ▕██████████████████▏  120 B                         [K
pulling 78b3b822087d: 100% ▕██████████████████▏  488 B                         [K
verifying sha256 digest ⠦ [K[?25h[?2026l[?2026h[?25l[A[A[A[A[A[A[1Gpulling manifest [K
pulling a8cc1361f314: 100% ▕██████████████████▏ 9.3 GB                         [K
pulling ae370d884f10: 100% ▕██████████████████▏ 1.7 KB                         [K
pulling d18a5cc71b84: 100% ▕██████████████████▏  11 KB                         [K
pulling cff3f395ef37: 100% ▕██████████████████▏  120 B                         [K
pulling 78b3b822087d: 100% ▕██████████████████▏  488 B                         [K
verifying sha256 digest ⠧ [K[?25h[?2026l[?2026h[?25l[A[A[A[A[A[A[1Gpulling manifest [K
pulling a8cc1361f314: 100% ▕██████████████████▏ 9.3 GB                         [K
pulling ae370d884f10: 100% ▕██████████████████▏ 1.7 KB                         [K
pulling d18a5cc71b84: 100% ▕██████████████████▏  11 KB                         [K
pulling cff3f395ef37: 100% ▕██████████████████▏  120 B                         [K
pulling 78b3b822087d: 100% ▕██████████████████▏  488 B                         [K
verifying sha256 digest ⠇ [K[?25h[?2026l[?2026h[?25l[A[A[A[A[A[A[1Gpulling manifest [K
pulling a8cc1361f314: 100% ▕██████████████████▏ 9.3 GB                         [K
pulling ae370d884f10: 100% ▕██████████████████▏ 1.7 KB                         [K
pulling d18a5cc71b84: 100% ▕██████████████████▏  11 KB                         [K
pulling cff3f395ef37: 100% ▕██████████████████▏  120 B                         [K
pulling 78b3b822087d: 100% ▕██████████████████▏  488 B                         [K
verifying sha256 digest ⠏ [K[?25h[?2026l[?2026h[?25l[A[A[A[A[A[A[1Gpulling manifest [K
pulling a8cc1361f314: 100% ▕██████████████████▏ 9.3 GB                         [K
pulling ae370d884f10: 100% ▕██████████████████▏ 1.7 KB                         [K
pulling d18a5cc71b84: 100% ▕██████████████████▏  11 KB                         [K
pulling cff3f395ef37: 100% ▕██████████████████▏  120 B                         [K
pulling 78b3b822087d: 100% ▕██████████████████▏  488 B                         [K
verifying sha256 digest ⠋ [K[?25h[?2026l[?2026h[?25l[A[A[A[A[A[A[1Gpulling manifest [K
pulling a8cc1361f314: 100% ▕██████████████████▏ 9.3 GB                         [K
pulling ae370d884f10: 100% ▕██████████████████▏ 1.7 KB                         [K
pulling d18a5cc71b84: 100% ▕██████████████████▏  11 KB                         [K
pulling cff3f395ef37: 100% ▕██████████████████▏  120 B                         [K
pulling 78b3b822087d: 100% ▕██████████████████▏  488 B                         [K
verifying sha256 digest ⠙ [K[?25h[?2026l[?2026h[?25l[A[A[A[A[A[A[1Gpulling manifest [K
pulling a8cc1361f314: 100% ▕██████████████████▏ 9.3 GB                         [K
pulling ae370d884f10: 100% ▕██████████████████▏ 1.7 KB                         [K
pulling d18a5cc71b84: 100% ▕██████████████████▏  11 KB                         [K
pulling cff3f395ef37: 100% ▕██████████████████▏  120 B                         [K
pulling 78b3b822087d: 100% ▕██████████████████▏  488 B                         [K
verifying sha256 digest ⠹ [K[?25h[?2026l[?2026h[?25l[A[A[A[A[A[A[1Gpulling manifest [K
pulling a8cc1361f314: 100% ▕██████████████████▏ 9.3 GB                         [K
pulling ae370d884f10: 100% ▕██████████████████▏ 1.7 KB                         [K
pulling d18a5cc71b84: 100% ▕██████████████████▏  11 KB                         [K
pulling cff3f395ef37: 100% ▕██████████████████▏  120 B                         [K
pulling 78b3b822087d: 100% ▕██████████████████▏  488 B                         [K
verifying sha256 digest ⠸ [K[?25h[?2026l[?2026h[?25l[A[A[A[A[A[A[1Gpulling manifest [K
pulling a8cc1361f314: 100% ▕██████████████████▏ 9.3 GB                         [K
pulling ae370d884f10: 100% ▕██████████████████▏ 1.7 KB                         [K
pulling d18a5cc71b84: 100% ▕██████████████████▏  11 KB                         [K
pulling cff3f395ef37: 100% ▕██████████████████▏  120 B                         [K
pulling 78b3b822087d: 100% ▕██████████████████▏  488 B                         [K
verifying sha256 digest ⠼ [K[?25h[?2026l[?2026h[?25l[A[A[A[A[A[A[1Gpulling manifest [K
pulling a8cc1361f314: 100% ▕██████████████████▏ 9.3 GB                         [K
pulling ae370d884f10: 100% ▕██████████████████▏ 1.7 KB                         [K
pulling d18a5cc71b84: 100% ▕██████████████████▏  11 KB                         [K
pulling cff3f395ef37: 100% ▕██████████████████▏  120 B                         [K
pulling 78b3b822087d: 100% ▕██████████████████▏  488 B                         [K
verifying sha256 digest ⠴ [K[?25h[?2026l[?2026h[?25l[A[A[A[A[A[A[1Gpulling manifest [K
pulling a8cc1361f314: 100% ▕██████████████████▏ 9.3 GB                         [K
pulling ae370d884f10: 100% ▕██████████████████▏ 1.7 KB                         [K
pulling d18a5cc71b84: 100% ▕██████████████████▏  11 KB                         [K
pulling cff3f395ef37: 100% ▕██████████████████▏  120 B                         [K
pulling 78b3b822087d: 100% ▕██████████████████▏  488 B                         [K
verifying sha256 digest ⠦ [K[?25h[?2026l[?2026h[?25l[A[A[A[A[A[A[1Gpulling manifest [K
pulling a8cc1361f314: 100% ▕██████████████████▏ 9.3 GB                         [K
pulling ae370d884f10: 100% ▕██████████████████▏ 1.7 KB                         [K
pulling d18a5cc71b84: 100% ▕██████████████████▏  11 KB                         [K
pulling cff3f395ef37: 100% ▕██████████████████▏  120 B                         [K
pulling 78b3b822087d: 100% ▕██████████████████▏  488 B                         [K
verifying sha256 digest ⠧ [K[?25h[?2026l[?2026h[?25l[A[A[A[A[A[A[1Gpulling manifest [K
pulling a8cc1361f314: 100% ▕██████████████████▏ 9.3 GB                         [K
pulling ae370d884f10: 100% ▕██████████████████▏ 1.7 KB                         [K
pulling d18a5cc71b84: 100% ▕██████████████████▏  11 KB                         [K
pulling cff3f395ef37: 100% ▕██████████████████▏  120 B                         [K
pulling 78b3b822087d: 100% ▕██████████████████▏  488 B                         [K
verifying sha256 digest ⠇ [K[?25h[?2026l[?2026h[?25l[A[A[A[A[A[A[1Gpulling manifest [K
pulling a8cc1361f314: 100% ▕██████████████████▏ 9.3 GB                         [K
pulling ae370d884f10: 100% ▕██████████████████▏ 1.7 KB                         [K
pulling d18a5cc71b84: 100% ▕██████████████████▏  11 KB                         [K
pulling cff3f395ef37: 100% ▕██████████████████▏  120 B                         [K
pulling 78b3b822087d: 100% ▕██████████████████▏  488 B                         [K
verifying sha256 digest ⠏ [K[?25h[?2026l[?2026h[?25l[A[A[A[A[A[A[1Gpulling manifest [K
pulling a8cc1361f314: 100% ▕██████████████████▏ 9.3 GB                         [K
pulling ae370d884f10: 100% ▕██████████████████▏ 1.7 KB                         [K
pulling d18a5cc71b84: 100% ▕██████████████████▏  11 KB                         [K
pulling cff3f395ef37: 100% ▕██████████████████▏  120 B                         [K
pulling 78b3b822087d: 100% ▕██████████████████▏  488 B                         [K
verifying sha256 digest ⠋ [K[?25h[?2026l[?2026h[?25l[A[A[A[A[A[A[1Gpulling manifest [K
pulling a8cc1361f314: 100% ▕██████████████████▏ 9.3 GB                         [K
pulling ae370d884f10: 100% ▕██████████████████▏ 1.7 KB                         [K
pulling d18a5cc71b84: 100% ▕██████████████████▏  11 KB                         [K
pulling cff3f395ef37: 100% ▕██████████████████▏  120 B                         [K
pulling 78b3b822087d: 100% ▕██████████████████▏  488 B                         [K
verifying sha256 digest ⠙ [K[?25h[?2026l[?2026h[?25l[A[A[A[A[A[A[1Gpulling manifest [K
pulling a8cc1361f314: 100% ▕██████████████████▏ 9.3 GB                         [K
pulling ae370d884f10: 100% ▕██████████████████▏ 1.7 KB                         [K
pulling d18a5cc71b84: 100% ▕██████████████████▏  11 KB                         [K
pulling cff3f395ef37: 100% ▕██████████████████▏  120 B                         [K
pulling 78b3b822087d: 100% ▕██████████████████▏  488 B                         [K
verifying sha256 digest ⠹ [K[?25h[?2026l[?2026h[?25l[A[A[A[A[A[A[1Gpulling manifest [K
pulling a8cc1361f314: 100% ▕██████████████████▏ 9.3 GB                         [K
pulling ae370d884f10: 100% ▕██████████████████▏ 1.7 KB                         [K
pulling d18a5cc71b84: 100% ▕██████████████████▏  11 KB                         [K
pulling cff3f395ef37: 100% ▕██████████████████▏  120 B                         [K
pulling 78b3b822087d: 100% ▕██████████████████▏  488 B                         [K
verifying sha256 digest ⠸ [K[?25h[?2026l[?2026h[?25l[A[A[A[A[A[A[1Gpulling manifest [K
pulling a8cc1361f314: 100% ▕██████████████████▏ 9.3 GB                         [K
pulling ae370d884f10: 100% ▕██████████████████▏ 1.7 KB                         [K
pulling d18a5cc71b84: 100% ▕██████████████████▏  11 KB                         [K
pulling cff3f395ef37: 100% ▕██████████████████▏  120 B                         [K
pulling 78b3b822087d: 100% ▕██████████████████▏  488 B                         [K
verifying sha256 digest ⠼ [K[?25h[?2026l[?2026h[?25l[A[A[A[A[A[A[1Gpulling manifest [K
pulling a8cc1361f314: 100% ▕██████████████████▏ 9.3 GB                         [K
pulling ae370d884f10: 100% ▕██████████████████▏ 1.7 KB                         [K
pulling d18a5cc71b84: 100% ▕██████████████████▏  11 KB                         [K
pulling cff3f395ef37: 100% ▕██████████████████▏  120 B                         [K
pulling 78b3b822087d: 100% ▕██████████████████▏  488 B                         [K
verifying sha256 digest ⠴ [K[?25h[?2026l[?2026h[?25l[A[A[A[A[A[A[1Gpulling manifest [K
pulling a8cc1361f314: 100% ▕██████████████████▏ 9.3 GB                         [K
pulling ae370d884f10: 100% ▕██████████████████▏ 1.7 KB                         [K
pulling d18a5cc71b84: 100% ▕██████████████████▏  11 KB                         [K
pulling cff3f395ef37: 100% ▕██████████████████▏  120 B                         [K
pulling 78b3b822087d: 100% ▕██████████████████▏  488 B                         [K
verifying sha256 digest [K
writing manifest [K
success [K[?25h[?2026l
