rank,model,n,faithfulness_mean,faithfulness_std,accuracy_mean,accuracy_std,usefulness_mean,usefulness_std,codeswitch_mean,codeswitch_std,fluency_mean,fluency_std,format_mean,format_std,final_mean,final_std
1,qwen14b,30,4.933333333333334,0.25370813170246237,4.566666666666666,0.5040069329937308,4.566666666666666,0.5040069329937308,4.733333333333333,0.5208304597621878,4.866666666666666,0.5713464637233655,4.866666666666666,0.7302967433402212,4.743333333333334,0.33955684439385503
2,llama,30,3.933333333333333,1.0482607379429243,3.533333333333333,0.7302967433402215,3.566666666666667,0.6789105539243626,3.933333333333333,0.8683449709106096,3.4,0.5632418479750461,5.0,0.0,3.8333333333333335,0.6379294812034519
