{
  "slope": 0.00037598163771692815,
  "intercept": -0.04426889620240418,
  "breakeven_silence_ratio": 117.74217611056228,
  "n_files": 7,
  "mean_rtf_gain": -0.044090654050295094
}