{
  "slope": -0.007334620460280068,
  "intercept": -0.04103152289011565,
  "breakeven_silence_ratio": -5.594225783367785,
  "n_files": 10,
  "mean_rtf_gain": -0.044103261938880964
}